,market_id,potential_entrant,X_m,Z_fm,N_star,entrant,firm_id
0,0,3,4.764052345967664,0.4001572083672233,1,False,1.0
1,0,3,4.764052345967664,0.9787379841057392,1,True,2.0
2,0,3,4.764052345967664,2.240893199201458,1,False,3.0
3,1,2,4.624345363663242,-0.6117564136500754,2,True,1.0
4,1,2,4.624345363663242,-0.5281717522634557,2,True,2.0
5,2,2,2.5832421525945293,-0.056266827226329474,1,False,2.0
6,2,2,2.5832421525945293,-2.136196095668454,1,True,1.0
7,3,2,4.788628473430318,0.43650985051198943,2,True,2.0
8,3,2,4.788628473430318,0.09649746807200862,2,True,1.0
9,4,4,3.0505617071429394,0.499951333237829,3,True,3.0
10,4,4,3.0505617071429394,-0.9959089311068651,3,True,1.0
11,4,4,3.0505617071429394,0.6935985082913116,3,False,4.0
12,4,4,3.0505617071429394,-0.41830152002691007,3,True,2.0
13,5,3,3.441227486885041,-0.33087015189408764,2,True,1.0
14,5,3,3.441227486885041,2.43077118700778,2,False,3.0
15,5,3,3.441227486885041,-0.2520921296030769,2,True,2.0
16,6,3,2.6882163265124834,0.7290039236125041,1,True,3.0
17,6,3,2.6882163265124834,0.217820788076002,1,False,2.0
18,6,3,2.6882163265124834,-0.899091796547139,1,False,1.0
19,7,4,4.690525703800356,-0.4659373705408328,4,True,2.0
20,7,4,4.690525703800356,0.0328201636785844,4,True,3.0
21,7,4,4.690525703800356,0.40751628299650783,4,True,4.0
22,7,4,4.690525703800356,-0.7889230286257386,4,True,1.0
23,8,3,3.0912047166198198,1.0912827332721105,2,True,3.0
24,8,3,3.0912047166198198,-1.9469703090225463,2,False,1.0
25,8,3,3.0912047166198198,-1.3863495322369392,2,True,2.0
26,9,2,3.001108554712211,-0.2895440692501988,2,True,2.0
27,9,2,3.001108554712211,-1.1160663030644142,2,True,1.0
28,10,2,4.331586504129518,0.7152789743984055,2,True,2.0
29,10,2,4.331586504129518,-1.5454002921112682,2,True,1.0
30,11,3,4.749454741305179,-0.28607299681629417,3,True,3.0
31,11,3,4.749454741305179,-0.4845651322211443,3,True,2.0
32,11,3,4.749454741305179,-2.653318559261479,3,True,1.0
33,12,4,3.472985831489979,-0.6814258794394451,3,True,2.0
34,12,4,3.472985831489979,0.24243949669047796,3,False,3.0
35,12,4,3.472985831489979,-1.7007356340383315,3,True,1.0
36,12,4,3.472985831489979,0.7531428339492002,3,True,4.0
37,13,4,2.2876093379494122,0.753766378659703,0,False,3.0
38,13,4,2.2876093379494122,-0.044503078338053455,0,False,1.0
39,13,4,2.2876093379494122,0.45181233874578974,0,False,2.0
40,13,4,2.2876093379494122,1.3451017084510097,0,False,4.0
41,14,3,4.551339111253063,0.07918602460882154,3,True,2.0
42,14,3,4.551339111253063,0.17397652845616982,3,True,3.0
43,14,3,4.551339111253063,-0.07233656616617674,3,True,1.0
44,15,4,2.6876715184564555,0.3392847060461844,3,True,4.0
45,15,4,2.6876715184564555,-0.15590853388271336,3,True,2.0
46,15,4,2.6876715184564555,-0.5017896732977485,3,True,1.0
47,15,4,2.6876715184564555,0.2355688917260193,3,False,3.0
48,16,3,3.127948721133936,-1.5284734588258844,3,True,1.0
49,16,3,3.127948721133936,-0.594467980004639,3,True,2.0
50,16,3,3.127948721133936,0.06633037374591885,3,True,3.0
51,17,3,3.276265890021319,-1.854628078806505,1,True,1.0
52,17,3,3.276265890021319,0.6239011113263563,1,False,2.0
53,17,3,3.276265890021319,1.1453112895720903,1,False,3.0
54,18,4,3.079428443806204,2.1902023574142215,1,False,4.0
55,18,4,3.079428443806204,-0.1348921466082706,1,False,1.0
56,18,4,3.079428443806204,0.16051798245486826,1,False,2.0
57,18,4,3.079428443806204,0.44269784320407946,1,True,3.0
58,19,4,3.221003262682149,-0.34046500897838056,2,True,4.0
59,19,4,3.221003262682149,-0.577748541980522,2,False,2.0
60,19,4,3.221003262682149,-0.4040315550542233,2,False,3.0
61,19,4,3.221003262682149,-0.6032894269371153,2,True,1.0
62,20,3,3.8838931126173457,0.1958650220376449,2,True,2.0
63,20,3,3.8838931126173457,0.3575365158852867,2,False,3.0
64,20,3,3.8838931126173457,-2.3432619056402113,2,True,1.0
65,21,4,2.948035750494468,-0.11119605035442469,2,True,2.0
66,21,4,2.948035750494468,1.0417967990841295,2,False,4.0
67,21,4,2.948035750494468,-1.256739294064987,2,True,1.0
68,21,4,2.948035750494468,0.7453876814972659,2,False,3.0
69,22,4,2.908050080134809,-1.4633506528116793,2,True,1.0
70,22,4,2.908050080134809,1.0817916791983249,2,False,4.0
71,22,4,2.908050080134809,-0.2393251681975715,2,True,3.0
72,22,4,2.908050080134809,-0.49112913623843013,2,False,2.0
73,23,4,3.6669880563534685,0.02581308106627382,4,True,2.0
74,23,4,3.6669880563534685,-0.7776194131918178,4,True,1.0
75,23,4,3.6669880563534685,0.9486338224949431,4,True,4.0
76,23,4,3.6669880563534685,0.701671794647513,4,True,3.0
77,24,2,4.329212172649187,-0.770033452004849,2,True,1.0
78,24,2,4.329212172649187,-0.31628035962142975,2,True,2.0
79,25,2,3.2282730896660845,1.0268903031630023,2,True,2.0
80,25,2,3.2282730896660845,-0.8395848489651809,2,True,1.0
81,26,2,3.195993211659938,-1.9412364002760851,2,True,1.0
82,26,2,3.195993211659938,0.7137854794255565,2,True,2.0
83,27,3,4.285605415232281,-0.30355337730615073,3,True,1.0
84,27,3,4.285605415232281,0.6190756618694475,3,True,3.0
85,27,3,4.285605415232281,0.39599854914377247,3,True,2.0
86,28,3,3.446332377870046,1.6691200510079733,1,False,3.0
87,28,3,3.446332377870046,-0.26427996182377783,1,False,2.0
88,28,3,3.446332377870046,-0.9678349293737798,1,True,1.0
89,29,2,2.582517873695447,0.7060320961528458,1,True,1.0
90,29,2,2.582517873695447,1.9159847025249712,1,False,2.0
91,30,2,1.7359473352235977,1.5279053516384395,1,False,2.0
92,30,2,1.7359473352235977,-0.9707109380088592,1,True,1.0
93,31,3,2.5852427857484095,-0.3333686686674932,3,True,2.0
94,31,3,2.5852427857484095,0.08109198556483053,3,True,3.0
95,31,3,2.5852427857484095,-0.7910269524243271,3,True,1.0
96,32,4,2.651105549010575,0.9837034333517989,1,False,4.0
97,32,4,2.651105549010575,0.5809228307171408,1,False,2.0
98,32,4,2.651105549010575,0.07028444085744995,1,False,1.0
99,32,4,2.651105549010575,0.7775326764896828,1,True,3.0
100,33,4,2.6811464948918697,-1.6029805557604186,2,True,1.0
101,33,4,2.6811464948918697,-1.5352178709022035,2,True,2.0
102,33,4,2.6811464948918697,-0.5704008948248712,2,False,3.0
103,33,4,2.6811464948918697,-0.21672830119587264,2,False,4.0
104,34,3,3.243835100627733,-0.7473181815389045,3,True,2.0
105,34,3,3.243835100627733,-1.5611769945848735,3,True,1.0
106,34,3,3.243835100627733,-0.4642531217894702,3,True,3.0
107,35,3,1.1102632899121463,-0.4135921815352581,1,True,3.0
108,35,3,1.1102632899121463,-0.7660260082877792,1,False,2.0
109,35,3,1.1102632899121463,-0.9241266666554969,1,False,1.0
110,36,4,3.6764132657544724,1.5210991859339182,2,False,4.0
111,36,4,3.6764132657544724,-0.5118762450490144,2,True,2.0
112,36,4,3.6764132657544724,1.150194635377595,2,False,3.0
113,36,4,3.6764132657544724,-0.5907168066359194,2,True,1.0
114,37,2,2.9455363876625023,0.674308066353492,1,True,2.0
115,37,2,2.9455363876625023,0.3466470259584332,1,False,1.0
116,38,3,4.00870564811674,-0.32312335207581294,2,True,1.0
117,38,3,4.00870564811674,0.12774641529117436,2,False,2.0
118,38,3,4.00870564811674,0.2797729121798553,2,True,3.0
119,39,4,4.404839566021895,0.2211210412399543,3,False,3.0
120,39,4,4.404839566021895,-0.14532730653059658,3,True,1.0
121,39,4,4.404839566021895,0.12319916869046948,3,True,2.0
122,39,4,4.404839566021895,0.6060269739057204,3,True,4.0
123,40,2,2.3924523027887736,-0.12613641460642458,1,False,2.0
124,40,2,2.3924523027887736,-0.6846063587046353,1,True,1.0
125,41,4,2.7292876769326795,0.10484805260974006,2,True,2.0
126,41,4,2.7292876769326795,0.25052781572357197,2,False,3.0
127,41,4,2.7292876769326795,-0.9251999652780767,2,False,1.0
128,41,4,2.7292876769326795,0.567143660285906,2,True,4.0
129,42,3,3.496714153011233,-0.13826430117118466,2,True,1.0
130,42,3,3.496714153011233,0.6476885381006925,2,True,2.0
131,42,3,3.496714153011233,1.5230298564080254,2,False,3.0
132,43,3,3.2573999253446932,-0.9084814327806611,3,True,1.0
133,43,3,3.2573999253446932,-0.37850310605882326,3,True,3.0
134,43,3,3.2573999253446932,-0.5349155987755707,3,True,2.0
135,44,4,2.249385282744127,1.3163573247118194,2,False,4.0
136,44,4,2.249385282744127,1.2461400286434303,2,False,3.0
137,44,4,2.249385282744127,-1.6049157412585944,2,True,1.0
138,44,4,2.249385282744127,-1.468143678979905,2,True,2.0
139,45,4,3.026374772849562,0.26032170142265076,3,True,4.0
140,45,4,3.026374772849562,-0.395145541517793,3,False,2.0
141,45,4,3.026374772849562,-0.20430090503826184,3,True,3.0
142,45,4,3.026374772849562,-1.2716326547194026,3,True,1.0
143,46,2,3.584875839870518,1.2311957404405667,1,True,2.0
144,46,2,3.584875839870518,0.8219002640011869,1,False,1.0
145,47,2,2.15199052423386,1.3059063579489805,1,False,2.0
146,47,2,2.15199052423386,0.9242079662180336,1,True,1.0
147,48,4,2.006368680071548,-1.0634008054805224,1,False,1.0
148,48,4,2.006368680071548,-0.638075915764956,1,True,2.0
149,48,4,2.006368680071548,1.0615886889909678,1,False,4.0
150,48,4,2.006368680071548,-0.15740415138658664,1,False,3.0
151,49,2,1.9568409217934044,-0.8208556912152042,1,False,1.0
152,49,2,1.9568409217934044,0.6651458545133336,1,True,2.0
153,50,4,1.4396478913163473,-0.030977603473707687,1,False,3.0
154,50,4,1.4396478913163473,-0.620928423880468,1,True,2.0
155,50,4,1.4396478913163473,-1.4645804852016084,1,False,1.0
156,50,4,1.4396478913163473,1.4119461217868716,1,False,4.0
157,51,2,2.709496826651368,0.11212804706227592,1,True,1.0
158,51,2,2.709496826651368,1.250795122804082,1,False,2.0
159,52,2,3.519475840614162,-1.2687503807549025,2,True,1.0
160,52,2,3.519475840614162,0.24042002619621033,2,True,2.0
161,53,3,3.2058648668506278,1.1667617091780862,2,False,3.0
162,53,3,3.2058648668506278,-2.0726397785743558,2,True,1.0
163,53,3,3.2058648668506278,-0.6326871730763305,2,True,2.0
164,54,3,1.1477892553870919,-1.0809989915526839,1,False,2.0
165,54,3,1.1477892553870919,0.07856382551083278,1,False,3.0
166,54,3,1.1477892553870919,-1.354135591270595,1,True,1.0
167,55,2,1.3762688853660054,-0.10178393227075644,1,False,2.0
168,55,2,1.3762688853660054,-1.809791098294546,1,True,1.0
169,56,4,1.9623568244974254,0.5936581571570304,2,True,3.0
170,56,4,1.9623568244974254,1.102680622168492,2,False,4.0
171,56,4,1.9623568244974254,-0.5121777311755766,2,False,1.0
172,56,4,1.9623568244974254,-0.26541985969745524,2,True,2.0
173,57,4,2.8689478426530948,-0.20064610256752466,2,False,3.0
174,57,4,2.8689478426530948,-1.6901228899453271,2,True,1.0
175,57,4,2.8689478426530948,-0.7944184764105113,2,True,2.0
176,57,4,2.8689478426530948,1.5280016631177873,2,False,4.0
177,58,4,2.2398138538254733,-2.1015840108460413,4,True,1.0
178,58,4,2.2398138538254733,-0.8097566845768907,4,True,3.0
179,58,4,2.2398138538254733,-0.00751725919062005,4,True,4.0
180,58,4,2.2398138538254733,-1.704360766614106,4,True,2.0
181,59,2,1.3307164786052763,0.5632174947193401,1,True,2.0
182,59,2,1.3307164786052763,0.4203834321010078,1,False,1.0
183,60,3,2.0782290067869114,-0.5863176341977663,1,True,2.0
184,60,3,2.0782290067869114,1.1639991446286069,1,False,3.0
185,60,3,2.0782290067869114,-1.2417239598661545,1,False,1.0
186,61,3,2.568504448440189,0.43937554664784334,1,False,2.0
187,61,3,2.568504448440189,-0.001261818837753155,1,False,1.0
188,61,3,2.568504448440189,1.0611228433226485,1,True,3.0
189,62,3,2.987674573696297,-0.5275810106604252,2,True,1.0
190,62,3,2.987674573696297,-0.2875911966677515,2,False,2.0
191,62,3,2.987674573696297,1.1234003822003298,2,True,3.0
192,63,4,0.8610213464819054,1.1120612370995469,1,False,4.0
193,63,4,0.8610213464819054,0.03580155261025775,1,False,3.0
194,63,4,0.8610213464819054,-0.6301577418057147,1,True,1.0
195,63,4,0.8610213464819054,3.54051160461231e-05,1,False,2.0
196,64,2,4.100322939231686,-1.9826274165738573,2,True,1.0
197,64,2,4.100322939231686,-1.150249513146396,2,True,2.0
198,65,4,2.1663351768673156,-0.5421208818722799,1,False,2.0
199,65,4,2.1663351768673156,-0.8601733880417185,1,True,1.0
200,65,4,2.1663351768673156,-0.5017965176743043,1,False,3.0
201,65,4,2.1663351768673156,1.0133655871644924,1,False,4.0
202,66,2,4.415614364064272,-1.08528639907514,2,True,1.0
203,66,2,4.415614364064272,-0.6163080366263387,2,True,2.0
204,67,4,4.128522152220211,0.144192284231094,3,True,3.0
205,67,4,4.128522152220211,-1.1152586003599587,3,True,1.0
206,67,4,4.128522152220211,1.231046539183074,3,False,4.0
207,67,4,4.128522152220211,-0.1546581562256208,3,True,2.0
208,68,2,2.055523635628341,0.19994361851892556,1,False,2.0
209,68,2,2.055523635628341,-1.5403534243917396,1,True,1.0
210,69,4,3.9155070985480958,-0.603541972727988,3,True,2.0
211,69,4,3.9155070985480958,1.1622951672082185,3,False,4.0
212,69,4,3.9155070985480958,-0.6014001361978715,3,True,3.0
213,69,4,3.9155070985480958,-1.5974856582952621,3,True,1.0
214,70,3,3.8509974083019056,0.17775492450045013,3,True,3.0
215,70,3,3.8509974083019056,-0.8530397115120378,3,True,1.0
216,70,3,3.8509974083019056,-0.4438996779260659,3,True,2.0
217,71,2,2.569396850270211,-1.1939280855239263,2,True,1.0
218,71,2,2.569396850270211,-0.4442989935983184,2,True,2.0
219,72,2,3.3185454990658183,-0.6795594345054096,2,True,2.0
220,72,2,3.3185454990658183,-2.208388469496472,2,True,1.0
221,73,3,3.5768130513099408,2.1311087964685327,2,True,2.0
222,73,3,3.5768130513099408,2.4402196678029573,2,False,3.0
223,73,3,3.5768130513099408,0.2633268726499775,2,True,1.0
224,74,3,3.60834549380774,-0.6366734080375568,2,True,1.0
225,74,3,3.60834549380774,-0.408877178874744,2,True,2.0
226,74,3,3.60834549380774,0.8525322886212399,2,False,3.0
227,75,4,2.290497866023921,0.11269401372087372,1,True,1.0
228,75,4,2.290497866023921,0.47702248918169365,1,False,3.0
229,75,4,2.290497866023921,1.9359811243436134,1,False,4.0
230,75,4,2.290497866023921,0.4504145709298722,1,False,2.0
231,76,3,3.9403013107188896,-0.5576304493866597,3,True,3.0
232,76,3,3.9403013107188896,-1.05953635516892,3,True,1.0
233,76,3,3.9403013107188896,-0.5716399924164476,3,True,2.0
234,77,3,3.2244448520755555,0.6615314728168009,1,False,3.0
235,77,3,3.2244448520755555,-0.5797576393675156,1,True,1.0
236,77,3,3.2244448520755555,0.4078113236033132,1,False,2.0
237,78,2,3.12204613722462,-0.3047182666258769,1,True,1.0
238,78,2,3.12204613722462,0.5779753861181166,1,False,2.0
239,79,2,-0.3163588207700836,0.06938828917179331,0,False,2.0
240,79,2,-0.3163588207700836,-1.1905046780960091,0,False,1.0
241,80,2,4.8998529361481085,0.208802953306585,2,True,1.0
242,80,2,4.8998529361481085,0.8952110354814468,2,True,2.0
243,81,4,1.6400996577813123,-1.2354018437626817,2,True,2.0
244,81,4,1.6400996577813123,0.05992863794992378,2,False,4.0
245,81,4,1.6400996577813123,-1.6546422764879458,2,True,1.0
246,81,4,1.6400996577813123,0.02366870560734356,2,False,3.0
247,82,2,3.8406504027560326,-1.3571471559517154,1,True,1.0
248,82,2,3.8406504027560326,1.2869365098752146,1,False,2.0
249,83,3,3.8493128860369987,-1.122747217041761,1,True,1.0
250,83,3,3.8493128860369987,1.1430846926609413,1,False,3.0
251,83,3,3.8493128860369987,0.6749759856493425,1,False,2.0
252,84,4,2.8683877980244104,-0.4604470629118058,3,True,3.0
253,84,4,2.8683877980244104,0.6629620641253436,3,False,4.0
254,84,4,2.8683877980244104,-1.3296482453593508,3,True,1.0
255,84,4,2.8683877980244104,-0.542643580731165,3,True,2.0
256,85,4,3.176850721078863,2.3777541249700573,2,False,4.0
257,85,4,3.176850721078863,0.998732857053734,2,True,3.0
258,85,4,3.176850721078863,-1.3101507969798436,2,True,1.0
259,85,4,3.176850721078863,0.18018992116935298,2,False,2.0
260,86,3,2.4037142810326966,-0.6054184074525439,2,False,2.0
261,86,3,2.4037142810326966,0.45677764028079243,2,True,3.0
262,86,3,2.4037142810326966,-0.6232199212035417,2,True,1.0
263,87,4,3.3723755208531405,0.12791554459927135,2,True,2.0
264,87,4,3.3723755208531405,0.5272122609227102,2,False,3.0
265,87,4,3.3723755208531405,-0.37077290151074255,2,True,1.0
266,87,4,3.3723755208531405,1.7504434472814228,2,False,4.0
267,88,2,3.1068843041517664,2.2058152421399915,0,False,2.0
268,88,2,3.1068843041517664,0.9565626934106145,0,False,1.0
269,89,3,1.3062699734529022,-0.0021213329564762845,0,False,3.0
270,89,3,1.3062699734529022,-0.4258918402213212,0,False,1.0
271,89,3,1.3062699734529022,-0.2555904642577206,0,False,2.0
272,90,3,2.7755133318006733,-0.22752393952995908,2,False,3.0
273,90,3,2.7755133318006733,-0.5913989309642067,2,True,2.0
274,90,3,2.7755133318006733,-0.7992276540992244,2,True,1.0
275,91,4,2.393878982265238,-1.0599397536180608,2,True,1.0
276,91,4,2.393878982265238,-0.5509196731060594,2,True,2.0
277,91,4,2.393878982265238,-0.2756862722295087,2,False,3.0
278,91,4,2.393878982265238,1.2222537268404525,2,False,4.0
279,92,3,3.2302992417822973,0.30794754988457695,3,True,3.0
280,92,3,3.2302992417822973,-0.7363292567459565,3,True,2.0
281,92,3,3.2302992417822973,-2.622998234056542,3,True,1.0
282,93,4,4.630198080343787,1.1007358938830003,3,True,2.0
283,93,4,4.630198080343787,2.0622301227945394,3,False,4.0
284,93,4,4.630198080343787,0.46401601221542643,3,True,1.0
285,93,4,4.630198080343787,1.6520633379392904,3,True,3.0
286,94,4,3.7434532155133557,1.521183360234921,3,True,3.0
287,94,4,3.7434532155133557,-0.7068567231477286,3,True,2.0
288,94,4,3.7434532155133557,1.7527775902152694,3,False,4.0
289,94,4,3.7434532155133557,-2.1834205203764787,3,True,1.0
290,95,3,2.335711100447527,-0.582430826028712,0,False,1.0
291,95,3,2.335711100447527,0.3395794850282506,0,False,2.0
292,95,3,2.335711100447527,0.599288712532899,0,False,3.0
293,96,4,3.069847774765997,-0.04866512945565215,3,True,2.0
294,96,4,3.069847774765997,-0.659746210148583,3,True,1.0
295,96,4,3.069847774765997,0.35736923125274006,3,False,4.0
296,96,4,3.069847774765997,0.13203993343229595,3,True,3.0
297,97,3,1.2488122487079985,-0.42959835404896207,1,False,2.0
298,97,3,1.2488122487079985,-0.7463891885772703,1,True,1.0
299,97,3,1.2488122487079985,1.0068476383234393,1,False,3.0
300,98,3,3.4737170812657414,1.6376034399437476,2,True,3.0
301,98,3,3.4737170812657414,0.9985419802879025,2,False,2.0
302,98,3,3.4737170812657414,-0.7074068749033738,2,True,1.0
303,99,2,2.857641157298052,2.0572217375814947,1,False,2.0
304,99,2,2.857641157298052,0.2832619411060342,1,True,1.0
305,100,3,1.2502345269453026,0.34268040332750216,0,False,2.0
306,100,3,1.2502345269453026,1.153035802563644,0,False,3.0
307,100,3,1.2502345269453026,-0.25243603652138985,0,False,1.0
308,101,4,5.706849839399938,0.6281327087844596,4,True,2.0
309,101,4,5.706849839399938,0.9079694464765431,4,True,4.0
310,101,4,5.706849839399938,0.5038257538223936,4,True,1.0
311,101,4,5.706849839399938,0.6511179479432686,4,True,3.0
312,102,4,4.668068295330041,0.9258618159721242,4,True,2.0
313,102,4,4.668068295330041,1.057996774523021,4,True,3.0
314,102,4,4.668068295330041,-0.9203390137491348,4,True,1.0
315,102,4,4.668068295330041,1.299748465698081,4,True,4.0
316,103,2,1.7507216496008422,-0.2603314136513827,1,False,1.0
317,103,2,1.7507216496008422,0.3837933001329509,1,True,2.0
318,104,4,2.5817867686864826,-0.5419336141821383,1,True,2.0
319,104,4,2.5817867686864826,-0.6079098979470202,1,False,1.0
320,104,4,2.5817867686864826,0.9275666276073784,1,False,4.0
321,104,4,2.5817867686864826,0.5624120545860263,1,False,3.0
322,105,3,2.754674332961603,-0.613352194218477,2,False,2.0
323,105,3,2.754674332961603,-0.7267678754052859,2,True,1.0
324,105,3,2.754674332961603,0.05936607808851745,2,True,3.0
325,106,2,5.164934937442029,-0.9906517509163337,2,True,1.0
326,106,2,5.164934937442029,0.45125434476048076,2,True,2.0
327,107,2,3.4939919387087026,-0.6539777731221168,2,True,2.0
328,107,2,3.4939919387087026,-1.4749776082811579,2,True,1.0
329,108,3,1.9730954882009133,0.22174942634825626,1,True,1.0
330,108,3,1.9730954882009133,1.1303901119024482,1,False,2.0
331,108,3,1.9730954882009133,1.1461852182546899,1,False,3.0
332,109,4,2.812265061413501,2.4406367710114014,1,False,4.0
333,109,4,2.812265061413501,-0.9409078357080317,1,True,1.0
334,109,4,2.812265061413501,0.613911651136553,1,False,2.0
335,109,4,2.812265061413501,0.7356266680781547,1,False,3.0
336,110,2,3.328597101422707,-0.7961985485958318,1,True,1.0
337,110,2,3.328597101422707,1.4031238284318888,1,False,2.0
338,111,2,1.8661616656909683,0.38431919339964776,0,False,1.0
339,111,2,1.8661616656909683,1.4965537763705212,0,False,2.0
340,112,4,4.477730810084717,-1.3159362126933953,4,True,1.0
341,112,4,4.477730810084717,0.5835133482108111,4,True,4.0
342,112,4,4.477730810084717,0.48563248749846016,4,True,3.0
343,112,4,4.477730810084717,0.3415510005845624,4,True,2.0
344,113,3,2.850010208446732,0.9327514056662711,1,False,3.0
345,113,3,2.850010208446732,0.20919939224613204,1,False,2.0
346,113,3,2.850010208446732,-1.0267832088431321,1,True,1.0
347,114,3,2.9782379477967114,0.7998832125448216,1,False,2.0
348,114,3,2.9782379477967114,-0.6614430880319243,1,True,1.0
349,114,3,2.9782379477967114,1.2708898269458178,1,False,3.0
350,115,4,3.621786533732277,-0.9319012092216943,2,True,2.0
351,115,4,3.621786533732277,1.6092543057526454,2,False,4.0
352,115,4,3.621786533732277,-1.8084712954315207,2,True,1.0
353,115,4,3.621786533732277,-0.8261817570671143,2,False,3.0
354,116,3,1.5077006756436464,-1.2312946807454355,1,True,1.0
355,116,3,1.5077006756436464,-0.028144395154106844,1,False,3.0
356,116,3,1.5077006756436464,-0.5860601993480838,1,False,2.0
357,117,3,1.1718983645577956,-0.4426509997378256,0,False,1.0
358,117,3,1.1718983645577956,0.4083441108686603,0,False,3.0
359,117,3,1.1718983645577956,-0.2851264914042014,0,False,2.0
360,118,2,3.1146477514796684,0.6412731669806077,1,False,2.0
361,118,2,3.1146477514796684,0.549357733197754,1,True,1.0
362,119,3,2.992488794599608,1.204692765573168,1,False,3.0
363,119,3,2.992488794599608,0.6504391292007484,1,False,2.0
364,119,3,2.992488794599608,-0.7630622681157565,1,True,1.0
365,120,4,3.1474497712614227,2.024840286353866,2,False,3.0
366,120,4,3.1474497712614227,-0.42688037022345976,2,True,1.0
367,120,4,3.1474497712614227,2.3102902438838857,2,False,4.0
368,120,4,3.1474497712614227,0.6286599213906245,2,True,2.0
369,121,2,2.7879668345189317,-0.28492916979378413,2,True,2.0
370,121,2,2.7879668345189317,-0.5738982088085403,2,True,1.0
371,122,3,3.484680140733394,-0.8221611658559466,2,False,2.0
372,122,3,3.484680140733394,-0.3367417942790779,2,True,3.0
373,122,3,3.484680140733394,-1.663389391289944,2,True,1.0
374,123,3,1.9143693966994388,0.9973454465835858,1,False,3.0
375,123,3,1.9143693966994388,0.28297849805199204,1,False,2.0
376,123,3,1.9143693966994388,-1.506294713918092,1,True,1.0
377,124,3,3.2884790609311843,-0.46295408222658696,2,True,2.0
378,124,3,3.2884790609311843,-1.338004420633611,2,True,1.0
379,124,3,3.2884790609311843,2.317015672344602,2,False,3.0
380,125,2,2.3011630562833574,0.01062307660312867,1,False,2.0
381,125,2,2.3011630562833574,-0.9467864425457904,1,True,1.0
382,126,4,2.3376945935661597,1.4028673600193728,1,True,4.0
383,126,4,2.3376945935661597,-0.5899988339732437,1,False,1.0
384,126,4,2.3376945935661597,0.10494713152685349,1,False,3.0
385,126,4,2.3376945935661597,0.08041089087022657,1,False,2.0
386,127,3,2.4281905173406164,0.02962395978488391,1,True,2.0
387,127,3,2.4281905173406164,0.5625919433373465,1,False,3.0
388,127,3,2.4281905173406164,-0.6476519140604571,1,False,1.0
389,128,4,2.600001000804405,0.6191735748997685,2,False,3.0
390,128,4,2.600001000804405,0.6983434661128765,2,False,4.0
391,128,4,2.600001000804405,-1.2532805342575184,2,True,1.0
392,128,4,2.600001000804405,0.4591274438223469,2,True,2.0
393,129,4,1.3711886220623104,0.4957392008433461,1,False,4.0
394,129,4,1.3711886220623104,-0.7627664352743329,1,True,1.0
395,129,4,1.3711886220623104,0.19346478838595826,1,False,3.0
396,129,4,1.3711886220623104,0.015953787470088077,1,False,2.0
397,130,2,2.5724391629600714,-0.8130553324915917,2,True,2.0
398,130,2,2.5724391629600714,-1.0457131719227581,2,True,1.0
399,131,2,3.4502232110787814,0.15086198534632198,1,True,1.0
400,131,2,3.4502232110787814,1.5831461463687133,1,False,2.0
401,132,3,2.452098486049668,1.2949146280602926,0,False,3.0
402,132,3,2.452098486049668,0.4943323355540737,0,False,1.0
403,132,3,2.452098486049668,0.576734602747748,0,False,2.0
404,133,3,1.9711939254809994,-0.2236059204732223,1,True,2.0
405,133,3,1.9711939254809994,1.6342201788945696,1,False,3.0
406,133,3,1.9711939254809994,-0.4171839252714223,1,False,1.0
407,134,2,2.7756845444026537,1.3372573270103918,0,False,2.0
408,134,2,2.7756845444026537,0.8823661627909003,0,False,1.0
409,135,2,1.7351440159277578,1.1842809165936508,0,False,2.0
410,135,2,1.7351440159277578,0.35504683399068065,0,False,1.0
411,136,4,2.84361455196796,-0.1541416205390201,4,True,4.0
412,136,4,2.84361455196796,-0.49846843800148966,4,True,2.0
413,136,4,2.84361455196796,-0.4109263923124712,4,True,3.0
414,136,4,2.84361455196796,-0.7106812913223421,4,True,1.0
415,137,3,4.090775487273158,1.065580711702263,2,True,2.0
416,137,3,4.090775487273158,4.5157403051794685,2,False,3.0
417,137,3,4.090775487273158,-0.6676745182817407,2,True,1.0
418,138,4,3.8403439422822583,1.0209674267994233,3,True,4.0
419,138,4,3.8403439422822583,0.322319215579223,3,True,3.0
420,138,4,3.8403439422822583,-0.12541903619391886,3,False,2.0
421,138,4,3.8403439422822583,-1.2232535890074148,3,True,1.0
422,139,3,4.647726311742235,-0.05880282427597908,3,True,3.0
423,139,3,4.647726311742235,-0.2970110163459913,3,True,2.0
424,139,3,4.647726311742235,-0.30395478810336063,3,True,1.0
425,140,2,2.532832178735254,0.2959955189546467,1,True,2.0
426,140,2,2.532832178735254,0.18548011445475698,1,False,1.0
427,141,2,3.045356406491627,0.8453311991793127,2,True,2.0
428,141,2,3.045356406491627,-0.09311866903653417,2,True,1.0
429,142,2,3.129739635285513,0.9023618613414525,1,False,1.0
430,142,2,3.129739635285513,1.0058038705981889,1,True,2.0
431,143,3,2.1668456585135507,1.2376910090451498,2,False,3.0
432,143,3,2.1668456585135507,-2.4757310388640312,2,True,1.0
433,143,3,2.1668456585135507,-1.0386309058551908,2,True,2.0
434,144,4,1.701428951665456,-0.09253885511577221,1,False,1.0
435,144,4,1.701428951665456,0.07007429943640593,1,True,2.0
436,144,4,1.701428951665456,1.8550521881080717,1,False,4.0
437,144,4,1.701428951665456,1.3702595306884062,1,False,3.0
438,145,3,2.1713772227879877,0.06038148710971014,1,True,1.0
439,145,3,2.1713772227879877,1.2027769203705696,1,False,3.0
440,145,3,2.1713772227879877,0.6764147445334008,1,False,2.0
441,146,3,5.396478564045092,-0.03810288067732007,3,True,3.0
442,146,3,5.396478564045092,-1.0535225448233283,3,True,1.0
443,146,3,5.396478564045092,-0.8813038214945088,3,True,2.0
444,147,3,4.395880443979422,-1.3992715824961324,2,True,1.0
445,147,3,4.395880443979422,-0.6863950860035479,2,True,2.0
446,147,3,4.395880443979422,-0.1836640579548006,2,False,3.0
447,148,4,1.9139145479746713,0.22768727642579537,1,False,2.0
448,148,4,1.9139145479746713,1.887667746729985,1,False,4.0
449,148,4,1.9139145479746713,1.3439033945932846,1,False,3.0
450,148,4,1.9139145479746713,0.13472244454331136,1,True,1.0
451,149,2,3.101809447703736,0.10979294577577986,2,True,2.0
452,149,2,3.101809447703736,-2.5513185709001287,2,True,1.0
453,150,4,2.768616752617606,0.39061322826859535,1,False,3.0
454,150,4,2.768616752617606,0.35829746724517403,1,False,2.0
455,150,4,2.768616752617606,0.5662444784490878,1,True,4.0
456,150,4,2.768616752617606,0.16623399119975385,1,False,1.0
457,151,4,2.363262409782383,0.5315585342871252,1,False,2.0
458,151,4,2.363262409782383,0.9902083524393986,1,False,3.0
459,151,4,2.363262409782383,-0.6241344027463708,1,True,1.0
460,151,4,2.363262409782383,1.4677807758283765,1,False,4.0
461,152,2,2.9196481638199856,-0.21243090350548965,2,True,2.0
462,152,2,2.9196481638199856,-0.8872654471294709,2,True,1.0
463,153,3,3.097221661192115,-1.1736133994761146,2,False,1.0
464,153,3,3.097221661192115,-0.6852143258211578,2,True,2.0
465,153,3,3.097221661192115,-0.00975703840361744,2,True,3.0
466,154,4,5.312074605983035,0.13678931923519366,4,True,1.0
467,154,4,5.312074605983035,0.16818426948548706,4,True,2.0
468,154,4,5.312074605983035,0.18773915813954598,4,True,3.0
469,154,4,5.312074605983035,0.7081520456356424,4,True,4.0
470,155,4,3.624350658191814,0.22583675008579066,2,True,3.0
471,155,4,3.624350658191814,0.41618974836722744,2,False,4.0
472,155,4,3.624350658191814,-1.1277365380294093,2,True,1.0
473,155,4,3.624350658191814,-0.12035922429471281,2,False,2.0
474,156,2,3.584917910843929,-1.8477395624087942,2,True,1.0
475,156,2,3.584917910843929,-0.7830885824591589,2,True,2.0
476,157,2,3.38172022541905,1.3321241585017345,2,True,2.0
477,157,2,3.38172022541905,-0.8797825259863419,2,True,1.0
478,158,3,4.395013082855637,2.1700169265356233,2,False,3.0
479,158,3,4.395013082855637,0.7377049403525693,2,True,2.0
480,158,3,4.395013082855637,0.5611182875041308,2,True,1.0
481,159,2,2.3910789538167565,0.579315112307109,1,True,2.0
482,159,2,2.3910789538167565,-0.09454833760268996,1,False,1.0
483,160,4,2.5032205959195406,0.9380244673534487,2,False,3.0
484,160,4,2.5032205959195406,-1.5066303186083108,2,True,1.0
485,160,4,2.5032205959195406,-0.9359540882343008,2,True,2.0
486,160,4,2.5032205959195406,1.7685388079793174,2,False,4.0
487,161,4,2.8279375911423528,0.5095937480604678,3,True,3.0
488,161,4,2.8279375911423528,-0.7976189963403838,3,True,1.0
489,161,4,2.8279375911423528,-0.22769110118550112,3,False,2.0
490,161,4,2.8279375911423528,0.5659700799709478,3,True,4.0
491,162,3,4.124590060694784,-0.7870868042706519,3,True,1.0
492,162,3,4.124590060694784,0.36818948376480426,3,True,2.0
493,162,3,4.124590060694784,0.7202433224791511,3,True,3.0
494,163,2,2.733277714117754,1.9452030882646705,1,False,2.0
495,163,2,2.733277714117754,-1.7891870033386976,1,True,1.0
496,164,3,1.6243595997158813,-1.0178101656747678,1,False,1.0
497,164,3,1.6243595997158813,0.8078641321548152,1,False,3.0
498,164,3,1.6243595997158813,-0.5506293771702699,1,True,2.0
499,165,2,3.4059483045661603,1.1426177364817274,1,False,2.0
500,165,2,3.4059483045661603,-0.26606122335022253,1,True,1.0
501,166,3,3.8709314559395445,-0.538245574691894,2,True,1.0
502,166,3,3.8709314559395445,0.4542741692504331,2,False,2.0
503,166,3,3.8709314559395445,1.350551949794042,2,True,3.0
504,167,2,1.7078615343319865,-0.868014053804257,1,True,1.0
505,167,2,1.7078615343319865,1.3145438164042105,1,False,2.0
506,168,4,3.5289539323589993,2.481557473946345,2,False,4.0
507,168,4,3.5289539323589993,-0.7700503668473068,2,True,2.0
508,168,4,3.5289539323589993,-1.1996749226619996,2,True,1.0
509,168,4,3.5289539323589993,0.42345285215118394,2,False,3.0
510,169,4,3.6516520072344116,0.27115074849098963,3,True,3.0
511,169,4,3.6516520072344116,-0.5784376239196867,3,False,1.0
512,169,4,3.6516520072344116,0.2303960083830626,3,True,2.0
513,169,4,3.6516520072344116,0.739770826178447,3,True,4.0
514,170,4,3.0341264621975808,-1.764494092125108,2,True,1.0
515,170,4,3.0341264621975808,0.6393754136000935,2,True,3.0
516,170,4,3.0341264621975808,2.453975838342962,2,False,4.0
517,170,4,3.0341264621975808,-0.045847563507499196,2,False,2.0
518,171,3,3.795711734855206,0.32647121257470646,2,True,1.0
519,171,3,3.795711734855206,1.2335239197245969,2,True,3.0
520,171,3,3.795711734855206,0.34298887346825335,2,False,2.0
521,172,2,4.156097926325151,-1.1875850564215407,2,True,1.0
522,172,2,4.156097926325151,0.9290193803407719,2,True,2.0
523,173,4,3.2730065808708737,-0.5307619774810647,2,True,1.0
524,173,4,3.2730065808708737,2.5652392405994844,2,False,4.0
525,173,4,3.2730065808708737,0.6898437132728418,2,True,2.0
526,173,4,3.2730065808708737,1.385123839964225,2,False,3.0
527,174,2,3.9487919761292964,-0.09566855454107039,2,True,2.0
528,174,2,3.9487919761292964,-0.5466369564130603,2,True,1.0
529,175,3,2.364913100364009,0.8199320736109131,2,True,1.0
530,175,3,2.364913100364009,2.086018912396849,2,False,3.0
531,175,3,2.364913100364009,0.875369655418098,2,True,2.0
532,176,2,1.806475801853772,-0.5920471309516033,1,True,1.0
533,176,2,1.806475801853772,1.1149889893366276,1,False,2.0
534,177,3,4.495589241652004,0.014814978198453465,3,True,3.0
535,177,3,4.495589241652004,-1.3241006863753273,3,True,1.0
536,177,3,4.495589241652004,-0.23426853069901657,3,True,2.0
537,178,2,2.4407740598867376,0.02979564717191373,0,False,1.0
538,178,2,2.4407740598867376,0.8515911766972759,0,False,2.0
539,179,2,2.9321947635374586,0.1458100159813952,1,False,1.0
540,179,2,2.9321947635374586,0.3257792788039291,1,True,2.0
541,180,4,2.117220850719648,0.13680640212630343,1,False,3.0
542,180,4,2.117220850719648,-1.05881889161815,1,True,1.0
543,180,4,2.117220850719648,0.7892537891866807,1,False,4.0
544,180,4,2.117220850719648,-0.014466384606426214,1,False,2.0
545,181,3,1.98791968881733,0.06300248365479061,1,False,2.0
546,181,3,1.98791968881733,-1.9250173207649075,1,True,1.0
547,181,3,1.98791968881733,1.4426154415170964,1,False,3.0
548,182,3,3.2641628052767935,-0.3491218481619537,2,False,1.0
549,182,3,3.2641628052767935,-0.11645480887031769,2,True,2.0
550,182,3,3.2641628052767935,1.0584466800693484,2,True,3.0
551,183,2,2.8940929224187304,0.9877053061071392,1,True,2.0
552,183,2,2.8940929224187304,0.3073970718444551,1,False,1.0
553,184,4,3.009389888162559,-0.7671812338911805,2,False,1.0
554,184,4,3.009389888162559,-0.583161644532198,2,True,2.0
555,184,4,3.009389888162559,-0.15531270707217995,2,False,3.0
556,184,4,3.009389888162559,1.897215144808936,2,True,4.0
557,185,2,3.044711794736224,-1.097768168955673,1,True,1.0
558,185,2,3.044711794736224,1.6362069840622684,1,False,2.0
559,186,2,4.96101102972947,0.4771567953010167,1,True,1.0
560,186,2,4.96101102972947,1.1452202391457333,1,False,2.0
561,187,3,4.367858108254964,-2.191670890484826,3,True,1.0
562,187,3,4.367858108254964,0.1959956823760483,3,True,3.0
563,187,3,4.367858108254964,-0.41085133046222766,3,True,2.0
564,188,3,4.475144426293445,0.0609918091407377,3,True,2.0
565,188,3,4.475144426293445,-1.7748928852378498,3,True,1.0
566,188,3,4.475144426293445,0.5296543584521016,3,True,3.0
567,189,3,1.1172542178194864,-1.1917859851699724,0,False,1.0
568,189,3,1.1172542178194864,-0.005301225470231183,0,False,2.0
569,189,3,1.1172542178194864,1.1892756921935712,0,False,3.0
570,190,2,3.709691454944267,1.3677917070454806,1,False,2.0
571,190,2,3.709691454944267,1.298705044566875,1,True,1.0
572,191,3,1.3490413817227318,0.2809753801917646,1,False,3.0
573,191,3,1.3490413817227318,-0.3636050131049489,1,True,2.0
574,191,3,1.3490413817227318,-0.4639154824454189,1,False,1.0
575,192,3,2.318218720952202,1.308551178395266,1,False,3.0
576,192,3,2.318218720952202,0.712050081973764,1,False,2.0
577,192,3,2.318218720952202,-0.1265330833267599,1,True,1.0
578,193,4,4.684925790874923,-1.0122886102213797,4,True,1.0
579,193,4,4.684925790874923,-0.802549204767455,4,True,2.0
580,193,4,4.684925790874923,-0.19987731611140655,4,True,3.0
581,193,4,4.684925790874923,0.08224135546395954,4,True,4.0
582,194,2,4.466636924904597,2.1970406328858254,1,False,2.0
583,194,2,4.466636924904597,1.1640995839775623,1,True,1.0
584,195,2,3.9696848372425424,-1.8599659131074011,2,True,1.0
585,195,2,3.9696848372425424,-1.3648067098514318,2,True,2.0
586,196,2,3.718735235197874,1.7467946269948909,1,False,2.0
587,196,2,3.718735235197874,-2.602217984260191,1,True,1.0
588,197,2,3.3287544819955572,0.424832341723879,1,False,2.0
589,197,2,3.3287544819955572,-0.9046335107059466,1,True,1.0
590,198,2,3.4681152089055693,0.11200407892832628,2,True,2.0
591,198,2,3.4681152089055693,-0.37195744651519735,2,True,1.0
592,199,4,4.108071482713057,-0.32227781800801925,3,True,3.0
593,199,4,4.108071482713057,2.2887438549047463,3,False,4.0
594,199,4,4.108071482713057,-1.8454491367793269,3,True,1.0
595,199,4,4.108071482713057,-1.5340804563771189,3,True,2.0
596,200,2,1.5490517506337447,1.910953133930837,0,False,2.0
597,200,2,1.5490517506337447,0.7118791535570421,0,False,1.0
598,201,4,3.316783457393009,-0.4934170968496873,3,True,2.0
599,201,4,3.316783457393009,1.217945810732723,3,False,4.0
600,201,4,3.316783457393009,0.43677076291530953,3,True,3.0
601,201,4,3.316783457393009,-0.7276926737493439,3,True,1.0
602,202,4,2.264126258044409,-0.8601531614984931,2,False,2.0
603,202,4,2.264126258044409,-0.9232824090312614,2,True,1.0
604,202,4,2.264126258044409,0.23845312519838363,2,False,4.0
605,202,4,2.264126258044409,-0.5832162522436233,2,True,3.0
606,203,3,2.6499417689373947,0.39151502848122127,1,False,2.0
607,203,3,2.6499417689373947,2.130819377155073,1,False,3.0
608,203,3,2.6499417689373947,-0.8396500426346684,1,True,1.0
609,204,4,2.821304644741217,0.647645130549777,2,True,3.0
610,204,4,2.821304644741217,0.24795007539246205,2,False,1.0
611,204,4,2.821304644741217,0.36234639006665725,2,True,2.0
612,204,4,2.821304644741217,1.481639942285034,2,False,4.0
613,205,4,3.071474660478535,0.5398070164229396,2,True,2.0
614,205,4,3.071474660478535,-0.11952499263043524,2,True,1.0
615,205,4,3.071474660478535,0.7119064787609791,2,False,3.0
616,205,4,3.071474660478535,0.8081703848457177,2,False,4.0
617,206,3,2.4377760610646324,-2.7043818921951908,1,True,1.0
618,206,3,2.4377760610646324,0.10013283084256279,1,False,3.0
619,206,3,2.4377760610646324,-0.5567121286442834,1,False,2.0
620,207,4,0.7056177644167647,0.050773652191275796,1,False,3.0
621,207,4,0.7056177644167647,-2.062817292001803,1,True,1.0
622,207,4,0.7056177644167647,-0.7868976703740498,1,False,2.0
623,207,4,0.7056177644167647,0.6317301495696847,1,False,4.0
624,208,2,3.1080394524911075,-0.13649764731514183,2,True,1.0
625,208,2,3.1080394524911075,-0.019057267366760486,2,True,2.0
626,209,2,2.5521273209494355,0.9497428251488839,0,False,2.0
627,209,2,2.5521273209494355,0.4537400677479354,0,False,1.0
628,210,3,2.7011733500828794,-0.606402007362756,1,False,1.0
629,210,3,2.7011733500828794,0.023343021953401932,1,True,2.0
630,210,3,2.7011733500828794,1.5082359292915928,1,False,3.0
631,211,2,3.6991817752874434,1.0202177802533947,1,False,2.0
632,211,2,3.6991817752874434,-0.09656475191168498,1,True,1.0
633,212,3,3.2293469136741986,-0.1487970299529621,3,True,3.0
634,212,3,3.2293469136741986,-1.134445175707547,3,True,1.0
635,212,3,3.2293469136741986,-1.075087023830032,3,True,2.0
636,213,3,3.1348454674691735,0.5937778736335635,2,True,1.0
637,213,3,3.1348454674691735,0.7906213218852012,2,False,2.0
638,213,3,3.1348454674691735,0.9357220142684569,2,True,3.0
639,214,3,2.860048558583264,-0.4382171347565209,2,True,1.0
640,214,3,2.860048558583264,-0.18763828885116826,2,True,2.0
641,214,3,2.860048558583264,0.8103508826086032,2,False,3.0
642,215,4,2.963460106057974,-1.2118656372719312,2,True,1.0
643,215,4,2.963460106057974,-0.520212006233038,2,True,3.0
644,215,4,2.963460106057974,-0.5686736485729077,2,False,2.0
645,215,4,2.963460106057974,-0.052477156789297784,2,False,4.0
646,216,4,1.968485384639262,0.6630179795749959,1,False,3.0
647,216,4,1.968485384639262,1.5291563594097932,1,False,4.0
648,216,4,1.968485384639262,-0.530955626532536,1,False,1.0
649,216,4,1.968485384639262,-0.220867363416335,1,True,2.0
650,217,4,3.1399611395910836,-0.18905407214979003,2,True,2.0
651,217,4,3.1399611395910836,0.7049582845247019,2,False,3.0
652,217,4,3.1399611395910836,-1.4956296076884907,2,True,1.0
653,217,4,3.1399611395910836,2.157711484193368,2,False,4.0
654,218,2,2.090457653394367,-0.429353669287495,0,False,1.0
655,218,2,2.090457653394367,1.1209459406425941,0,False,2.0
656,219,2,2.428630386427749,-0.7995774373341792,1,True,1.0
657,219,2,2.428630386427749,0.2592755061242382,1,False,2.0
658,220,3,1.6756484217076395,-1.4658698111248114,1,False,1.0
659,220,3,1.6756484217076395,-1.2499911161746395,1,True,2.0
660,220,3,1.6756484217076395,0.6546158145446971,1,False,3.0
661,221,2,3.522947411243021,0.05245242178501858,1,True,2.0
662,221,2,3.522947411243021,-0.16499386189528473,1,False,1.0
663,222,4,4.963425016964612,0.2757696913146765,3,True,2.0
664,222,4,4.963425016964612,0.45865820488878534,3,True,3.0
665,222,4,4.963425016964612,1.0012646640696676,3,False,4.0
666,222,4,4.963425016964612,-0.7638353097807451,3,True,1.0
667,223,3,3.534774579679981,0.5848801977734289,2,False,2.0
668,223,3,3.534774579679981,0.35537428887490174,2,True,1.0
669,223,3,3.534774579679981,0.6484256099481901,2,True,3.0
670,224,2,0.2664491553350552,-0.80614632632781,0,False,1.0
671,224,2,0.2664491553350552,-0.039348226560509805,0,False,2.0
672,225,4,3.3100102271339775,-1.8327411981166686,2,True,1.0
673,225,4,3.3100102271339775,-0.6089919943531131,2,True,3.0
674,225,4,3.3100102271339775,-1.3024995666175678,2,False,2.0
675,225,4,3.3100102271339775,0.8883540220821566,2,False,4.0
676,226,4,2.7037731418339215,0.7539765300061048,2,False,2.0
677,226,4,2.7037731418339215,1.1417593533530512,2,True,4.0
678,226,4,2.7037731418339215,0.9892942455114584,2,False,3.0
679,226,4,2.7037731418339215,0.4311468765171147,2,True,1.0
680,227,3,3.2202631749607282,-1.0184475215175017,2,True,1.0
681,227,3,3.2202631749607282,-0.7004645191102198,2,True,2.0
682,227,3,3.2202631749607282,2.078908596200887,2,False,3.0
683,228,3,4.27131471019705,-2.320412452864059,3,True,1.0
684,228,3,4.27131471019705,-1.073083940630231,3,True,2.0
685,228,3,4.27131471019705,1.3145738660075936,3,True,3.0
686,229,2,3.2607781499173147,-0.4405110053107732,2,True,2.0
687,229,2,3.2607781499173147,-1.1309539329436946,2,True,1.0
688,230,2,3.87295589835723,0.2991261191199574,2,True,2.0
689,230,2,3.87295589835723,-0.8585852630886468,2,True,1.0
690,231,2,3.417943410855223,1.3971002787857785,2,True,2.0
691,231,2,3.417943410855223,-1.7859043087115503,2,True,1.0
692,232,2,1.833144066966221,-1.31126998213356,1,True,1.0
693,232,2,1.833144066966221,0.40004961003722067,1,False,2.0
694,233,3,3.8813637263655862,0.18336705924287913,3,True,3.0
695,233,3,3.8813637263655862,-0.9502508477459014,3,True,1.0
696,233,3,3.8813637263655862,-0.40838280717946024,3,True,2.0
697,234,3,3.818791619246764,-1.0435506378829869,3,True,1.0
698,234,3,3.818791619246764,0.3509007012422112,3,True,2.0
699,234,3,3.818791619246764,0.9215782884487089,3,True,3.0
700,235,3,3.0405280372908017,0.7685231389398295,1,False,2.0
701,235,3,3.0405280372908017,1.435571228309584,1,False,3.0
702,235,3,3.0405280372908017,-1.441433049217834,1,True,1.0
703,236,4,3.950561816770243,-0.40076906798670653,3,True,1.0
704,236,4,3.950561816770243,0.9709781365010632,3,False,4.0
705,236,4,3.950561816770243,0.7859102018186412,3,True,3.0
706,236,4,3.950561816770243,0.6670751088234299,3,True,2.0
707,237,2,3.829743296919436,2.515081730475173,1,True,2.0
708,237,2,3.829743296919436,1.8992719384866479,1,False,1.0
709,238,2,2.895521406680931,-0.19346748104064035,1,True,1.0
710,238,2,2.895521406680931,0.21807440559197958,1,False,2.0
711,239,3,2.237972072896013,-0.39145181943029445,1,False,2.0
712,239,3,2.237972072896013,1.2006165798084532,1,False,3.0
713,239,3,2.237972072896013,-0.6798478669678377,1,True,1.0
714,240,2,2.4176726659421215,-1.7271096344779358,1,True,1.0
715,240,2,2.4176726659421215,-0.6945401258972085,1,False,2.0
716,241,2,4.273705233253013,1.8696915542211554,1,False,2.0
717,241,2,4.273705233253013,0.7330812269100583,1,True,1.0
718,242,3,2.6424805961975393,0.14844784435230043,1,True,1.0
719,242,3,2.6424805961975393,0.9935308028707929,1,False,2.0
720,242,3,2.6424805961975393,1.8389675949963582,1,False,3.0
721,243,3,3.6328762658399105,-0.6561556494546866,3,True,2.0
722,243,3,3.6328762658399105,-1.6273005621996215,3,True,1.0
723,243,3,3.6328762658399105,1.1298013384916537,3,True,3.0
724,244,3,2.4374480897992647,-0.29385559334647476,1,False,3.0
725,244,3,2.4374480897992647,-0.5964613643979167,1,False,2.0
726,244,3,2.4374480897992647,-1.4443095863434599,1,True,1.0
727,245,2,2.76723257894409,0.8185304074756915,1,False,2.0
728,245,2,2.76723257894409,-0.9733493199116888,1,True,1.0
729,246,2,3.8735517111965683,-0.04310023094717604,1,False,1.0
730,246,2,3.8735517111965683,0.790758375171749,1,True,2.0
731,247,3,3.7439130080670857,-0.24427008493152144,2,True,2.0
732,247,3,3.7439130080670857,-1.405498981756495,2,True,1.0
733,247,3,3.7439130080670857,1.5093130921541418,2,False,3.0
734,248,2,2.8481798648335688,1.9477077008248038,1,False,2.0
735,248,2,2.8481798648335688,0.06515287698246487,1,True,1.0
736,249,2,4.427613881588178,0.08075148440850234,2,True,1.0
737,249,2,4.427613881588178,0.19151082717353554,2,True,2.0
