,market_id,potential_entrant,X_m,Z_fm,u_fm,phi_fm,N_star,cost_rank,entrant
0,0,2,2.9300075231880376,-0.7169788123808792,1.6875533900065314,0.9705745776256521,2,1.0,True
1,0,2,2.9300075231880376,-0.9919269458966133,2.1225621310241727,1.1306351851275593,2,2.0,True
2,1,2,2.9336990202277526,-3.016230364872988,3.86979507420511,0.8535647093321219,2,2.0,True
3,1,2,2.9336990202277526,-0.3702924123883241,0.7278142166659103,0.3575218042775862,2,1.0,True
4,2,2,4.049375627673631,0.7989327537401096,3.601899482475778,4.400832236215887,1,2.0,False
5,2,2,4.049375627673631,0.21025811622271232,1.2119935530979522,1.4222516693206646,1,1.0,True
6,3,4,3.0033704795828657,-0.06044288741856235,1.8583667243489983,1.797923836930436,1,1.0,True
7,3,4,3.0033704795828657,0.7380953634285056,2.9251568491462536,3.663252212574759,1,2.0,False
8,3,4,3.0033704795828657,0.9180009264971863,3.696851313641762,4.614852240138949,1,3.0,False
9,3,4,3.0033704795828657,3.0548267801453215,2.1408666806383843,5.195693460783706,1,4.0,False
10,4,3,3.1887694854538204,1.6166738521765747,1.3588290136754706,2.9755028658520453,1,3.0,False
11,4,3,3.1887694854538204,-1.0271751079347669,2.016434900726078,0.9892597927913112,1,1.0,True
12,4,3,3.1887694854538204,1.0401580864050486,1.9192248271855292,2.959382913590578,1,2.0,False
13,5,3,4.662128143394698,-0.9069592708863964,0.9982783863736544,0.09131911548725802,3,1.0,True
14,5,3,4.662128143394698,-1.9992588503946989,2.29520886960323,0.29595001920853115,3,2.0,True
15,5,3,4.662128143394698,-0.3589592443525798,2.8718933067168098,2.51293406236423,3,3.0,True
16,6,2,3.617894609659615,-1.2069503857602868,2.6192279525557653,1.4122775667954786,2,2.0,True
17,6,2,3.617894609659615,-1.4206964512792228,0.954281712786144,-0.4664147384930788,2,1.0,True
18,7,4,1.5681743413175513,1.6561936983563892,2.207956895044566,3.864150593400955,0,4.0,False
19,7,4,1.5681743413175513,-0.24817415783498384,2.1665128138745713,1.9183386560395874,0,2.0,False
20,7,4,1.5681743413175513,0.3289532909827262,2.4205746770567407,2.749527968039467,0,3.0,False
21,7,4,1.5681743413175513,0.41324482793664485,1.4219152154951245,1.8351600434317694,0,1.0,False
22,8,2,3.2081168663958404,-0.5882444557857681,2.100287636590758,1.51204318080499,1,1.0,True
23,8,2,3.2081168663958404,0.8375203362033946,2.040206927659981,2.8777272638633753,1,2.0,False
24,9,2,3.436174303060115,1.1836372127585224,2.6002479373314284,3.783885150089951,1,2.0,False
25,9,2,3.436174303060115,1.0162208415241096,1.7764519868076967,2.7926728283318063,1,1.0,True
26,10,4,4.458381142356442,-0.7592705444255816,2.5689643225849825,1.809693778159401,3,3.0,True
27,10,4,4.458381142356442,-0.6174387593715122,2.3578665268705876,1.7404277674990754,3,2.0,True
28,10,4,4.458381142356442,1.6973547291812656,1.8996935712341252,3.597048300415391,3,4.0,False
29,10,4,4.458381142356442,-0.843911868340352,1.5591904563488612,0.7152785880085092,3,1.0,True
30,11,2,2.6280210940460758,-0.9068818327049346,0.19052955066767407,-0.7163522820372605,2,1.0,True
31,11,2,2.6280210940460758,-1.2231104830521917,1.963721653830662,0.7406111707784704,2,2.0,True
32,12,3,4.225221384456633,-1.5723073892327126,3.0703279134422776,1.498020524209565,2,1.0,True
33,12,3,4.225221384456633,0.42632959904143575,2.8719753456555726,3.2983049446970085,2,3.0,False
34,12,3,4.225221384456633,0.2399508534013486,2.678095338777279,2.9180461921786276,2,2.0,True
35,13,4,2.2391068539272787,0.14063566822977952,1.2157474577639844,1.356383125993764,2,2.0,True
36,13,4,2.2391068539272787,-0.2528313613294331,2.9943873586730554,2.7415559973436223,2,4.0,False
37,13,4,2.2391068539272787,-1.0818662918303525,2.50419836567504,1.4223320738446876,2,3.0,False
38,13,4,2.2391068539272787,0.5089977395633084,0.702068158655236,1.2110658982185445,2,1.0,True
39,14,2,4.244327058544535,0.20894511255259823,-0.49549477028500766,-0.2865496577324094,2,1.0,True
40,14,2,4.244327058544535,0.10925147656401106,1.3433764980673084,1.4526279746313195,2,2.0,True
41,15,2,2.1989832214678287,-0.7886847476961929,0.7057541139497499,-0.08293063374644305,1,1.0,True
42,15,2,2.1989832214678287,-1.124697175389865,3.28266197461984,2.1579647992299753,1,2.0,False
43,16,3,2.3663378610374917,-2.2176108693193166,1.6467912408078194,-0.5708196285114973,2,1.0,True
44,16,3,2.3663378610374917,-0.8435869223409511,1.8470686112601267,1.0034816889191756,2,2.0,True
45,16,3,2.3663378610374917,-0.7979878659876907,2.1213590997116203,1.3233712337239296,2,3.0,False
46,17,4,2.3756832907633276,0.05309555675952513,2.9758983028554544,3.0289938596149795,2,3.0,False
47,17,4,2.3756832907633276,2.9961036302838355,1.5976095310177163,4.593713161301552,2,4.0,False
48,17,4,2.3756832907633276,-0.8409399774587025,1.171802364039873,0.3308623865811704,2,2.0,True
49,17,4,2.3756832907633276,-1.6630216198217638,0.7158946340263566,-0.9471269857954072,2,1.0,True
50,18,2,4.180510478372938,-1.0497726110860626,3.6392676930976773,2.5894950820116147,1,1.0,True
51,18,2,4.180510478372938,1.9249585642059435,3.012715139469398,4.937673703675341,1,2.0,False
52,19,2,2.595320780809905,2.9105439006102847,1.998255202374823,4.908799102985108,1,2.0,False
53,19,2,2.595320780809905,-1.27239953886515,0.8804224303692383,-0.3919771084959116,1,1.0,True
54,20,3,3.279463271684606,0.2918920205478149,2.6709454964937334,2.962837517041548,2,3.0,False
55,20,3,3.279463271684606,0.8103773710220475,1.6782695961523946,2.488646967174442,2,2.0,True
56,20,3,3.279463271684606,-0.20799541354791565,2.2844088322923697,2.076413418744454,2,1.0,True
57,21,3,2.200390856252127,0.8016566261074376,2.0439455965239883,2.8456022226314257,1,2.0,False
58,21,3,2.200390856252127,0.6534220598749296,1.0798114802831287,1.7332335401580583,1,1.0,True
59,21,3,2.200390856252127,-0.508816762989553,3.649263559531958,3.140446796542405,1,3.0,False
60,22,4,5.252525890064494,0.3824493829145582,1.0536582737200595,1.4361076566346176,3,1.0,True
61,22,4,5.252525890064494,1.6591182781111244,2.61059495995289,4.269713238064014,3,4.0,False
62,22,4,5.252525890064494,0.6194117593611957,0.9510759119388645,1.5704876713000604,3,2.0,True
63,22,4,5.252525890064494,0.11011272210551681,1.9737848211839488,2.0838975432894657,3,3.0,True
64,23,4,3.596996353461977,-0.6429883993811859,1.85338884625102,1.210400446869834,3,1.0,True
65,23,4,3.596996353461977,-1.072185784958274,2.7931582677800026,1.7209724828217285,3,2.0,True
66,23,4,3.596996353461977,-0.6644433240332718,3.807208499481247,3.1427651754479755,3,4.0,False
67,23,4,3.596996353461977,0.496409593744872,1.2552025467249486,1.7516121404698206,3,3.0,True
68,24,4,4.025676215913553,0.3105574964894495,1.9941946085230187,2.304752105012468,4,4.0,True
69,24,4,4.025676215913553,-0.45097562937781716,0.395280973263781,-0.05569465611403618,4,2.0,True
70,24,4,4.025676215913553,-0.5441829494413014,-0.19966865688000235,-0.7438516063213038,4,1.0,True
71,24,4,4.025676215913553,-1.0755852001168804,1.0676351391694356,-0.00795006094744477,4,3.0,True
72,25,2,3.009223289905694,-0.479533047630376,1.579126344175535,1.099593296545159,2,1.0,True
73,25,2,3.009223289905694,-0.8092076679089877,2.7963447365261263,1.9871370686171386,2,2.0,True
74,26,4,1.9346575853094738,0.07610895910071597,1.4101389051659703,1.4862478642666863,1,2.0,False
75,26,4,1.9346575853094738,0.012530271008407782,4.12025871881342,4.132788989821828,1,4.0,False
76,26,4,1.9346575853094738,-1.2524943493656282,1.3680233104007817,0.11552896103515353,1,1.0,True
77,26,4,1.9346575853094738,0.8098497964682094,1.8773176866940784,2.6871674831622876,1,3.0,False
78,27,2,5.137691243615797,1.01033945509294,-0.3267046039303194,0.6836348511626207,2,1.0,True
79,27,2,5.137691243615797,-0.13335564740306574,3.2445683474730087,3.111212700069943,2,2.0,True
80,28,2,1.712091320096034,0.508390428760926,2.1753585422896,2.683748971050526,0,2.0,False
81,28,2,1.712091320096034,-0.013037244703572934,1.794369713941679,1.781332469238106,0,1.0,False
82,29,4,2.5180459439671954,-0.4402159855539329,2.9115197199350344,2.4713037343811015,1,4.0,False
83,29,4,2.5180459439671954,-0.09935852226658116,0.4857968348554107,0.38643831258882955,1,1.0,True
84,29,4,2.5180459439671954,-0.9550189864251236,3.0669364101695784,2.1119174237444547,1,2.0,False
85,29,4,2.5180459439671954,-0.5037415714217854,2.702706124227704,2.1989645528059185,1,3.0,False
86,30,4,5.839001094468438,0.7671120347768982,2.6480991398874187,3.415211174664317,4,3.0,True
87,30,4,5.839001094468438,0.13671407312807096,1.208533118011609,1.34524719113968,4,2.0,True
88,30,4,5.839001094468438,0.546260049224451,3.54832317621603,4.0945832254404815,4,4.0,True
89,30,4,5.839001094468438,-1.8731155235687922,1.7292325864922036,-0.1438829370765886,4,1.0,True
90,31,3,3.22780724865114,-1.0100681253146973,2.573005657075484,1.5629375317607868,2,2.0,True
91,31,3,3.22780724865114,-0.4123651879469255,3.0156672421258444,2.603302054178919,2,3.0,False
92,31,3,3.22780724865114,-0.3192346504938846,1.5025940094776784,1.1833593589837939,2,1.0,True
93,32,2,1.3730095880318496,-1.56945085741668,2.6258025997379146,1.0563517423212347,1,1.0,True
94,32,2,1.3730095880318496,0.9316122674222914,2.198282768074796,3.1298950354970874,1,2.0,False
95,33,2,2.97374761929493,0.08899934663156328,3.054684693098686,3.1436840397302492,1,2.0,False
96,33,2,2.97374761929493,-0.17688837374994712,1.9930507283795287,1.8161623546295815,1,1.0,True
97,34,3,2.0812386504142086,-0.6120923560151346,1.2974191613665296,0.685326805351395,2,2.0,True
98,34,3,2.0812386504142086,-1.7781353838009857,1.7058599773039924,-0.07227540649699327,2,1.0,True
99,34,3,2.0812386504142086,0.7524014559245796,0.9231360283939765,1.6755374843185562,2,3.0,False
100,35,3,2.4077447438626685,0.6850773261774212,3.1715809141216256,3.856658240299047,1,3.0,False
101,35,3,2.4077447438626685,0.07602525308562261,2.388353718953273,2.4643789720388956,1,2.0,False
102,35,3,2.4077447438626685,0.21809036586612945,1.3341228864718855,1.552213252338015,1,1.0,True
103,36,2,3.6440779341443084,-1.1325094076393252,2.155882336715205,1.02337292907588,1,1.0,True
104,36,2,3.6440779341443084,0.8786821509300942,2.4711330988426115,3.3498152497727056,1,2.0,False
105,37,4,3.183198098329383,-0.25877441744726004,1.1040266667536138,0.8452522493063538,3,3.0,True
106,37,4,3.183198098329383,-1.4324284248494776,2.214673607954409,0.7822451831049313,3,1.0,True
107,37,4,3.183198098329383,1.5474406425936214,2.143401272041376,3.6908419146349973,3,4.0,False
108,37,4,3.183198098329383,-0.6769453054900912,1.484821908992413,0.8078766035023218,3,2.0,True
109,38,3,2.3562724945713907,0.5668187912998418,1.8707078757984303,2.4375266670982723,1,2.0,False
110,38,3,2.3562724945713907,1.4961620939853844,2.8593059744343075,4.355468068419691,1,3.0,False
111,38,3,2.3562724945713907,-0.11011568611453769,1.40897278768171,1.2988571015671724,1,1.0,True
112,39,2,1.6024872508845407,-1.302743581678267,1.6600952588656854,0.35735167718741834,2,2.0,True
113,39,2,1.6024872508845407,-0.4737877504314566,0.015276246536748861,-0.45851150389470774,2,1.0,True
114,40,4,3.132763749410381,0.1730754051698427,1.5450875846145762,1.7181629897844188,3,3.0,True
115,40,4,3.132763749410381,-1.024888809879019,0.5006405734549166,-0.5242482364241023,3,1.0,True
116,40,4,3.132763749410381,0.06011816366759318,1.0337368795714768,1.09385504323907,3,2.0,True
117,40,4,3.132763749410381,2.723473799139767,1.0979613367858105,3.8214351359255776,3,4.0,False
118,41,4,2.148288204422136,-0.6881727794800653,1.8322316196386477,1.1440588401585825,2,2.0,True
119,41,4,2.148288204422136,-0.24020173525943592,2.1577667085637424,1.9175649733043065,2,3.0,False
120,41,4,2.148288204422136,-1.134034697546989,0.07892055068943238,-1.0551141468575567,2,1.0,True
121,41,4,2.148288204422136,0.2537602907126808,3.135650564574697,3.3894108552873776,2,4.0,False
122,42,2,4.9791917512930395,0.008909463588547835,1.786039405321956,1.7949488689105038,2,1.0,True
123,42,2,4.9791917512930395,-0.23585227027755004,3.440977930768879,3.205125660491329,2,2.0,True
124,43,4,1.0866674410114585,1.3617537427044193,2.0278948848885103,3.38964862759293,1,4.0,False
125,43,4,1.0866674410114585,-1.1631152624585142,0.9317020787775296,-0.2314131836809845,1,1.0,True
126,43,4,1.0866674410114585,1.6687778872934775,-0.20374942280786978,1.4650284644856078,1,3.0,False
127,43,4,1.0866674410114585,0.4908040173646823,0.03452100952871895,0.5253250268934013,1,2.0,False
128,44,3,2.285796192705257,1.1551177481455401,1.6707722270089644,2.825889975154505,2,3.0,False
129,44,3,2.285796192705257,-0.7690892669731028,1.266657876484944,0.49756860951184134,2,2.0,True
130,44,3,2.285796192705257,-2.0829827253672457,1.9661785117561335,-0.11680421361111226,2,1.0,True
131,45,3,2.1586188853378396,-1.3201896790280614,3.2463896966064896,1.9262000175784282,1,3.0,False
132,45,3,2.1586188853378396,-0.670282304027011,2.228885684725617,1.5586033806986062,1,1.0,True
133,45,3,2.1586188853378396,-0.8471145358876,2.627498133747162,1.780383597859562,1,2.0,False
134,46,4,2.3233813433024784,-0.20783549094113304,1.8175854765044297,1.6097499855632966,2,2.0,True
135,46,4,2.3233813433024784,-1.0508577446058953,1.1902044416140263,0.13934669700813096,2,1.0,True
136,46,4,2.3233813433024784,0.44771521765620015,2.323610889799276,2.7713261074554763,2,4.0,False
137,46,4,2.3233813433024784,-0.9271948516804263,2.985756193183473,2.058561341503047,2,3.0,False
138,47,2,2.679223840173637,0.8122182422468175,2.45935964852258,3.2715778907693975,0,2.0,False
139,47,2,2.679223840173637,0.23708104682855644,2.6855111942004286,2.922592241028985,0,1.0,False
140,48,4,2.991695373257066,-0.171641911125093,4.026710243841397,3.8550683327163044,2,4.0,False
141,48,4,2.991695373257066,-1.7158296005917988,2.431049902865626,0.7152203022738273,2,2.0,True
142,48,4,2.991695373257066,-0.9749286773462809,1.1684763038407668,0.19354762649448598,2,1.0,True
143,48,4,2.991695373257066,0.0009283193046561802,2.430176927966529,2.431105247271185,2,3.0,False
144,49,2,4.418639729166497,-0.7795215876344082,2.572800577297083,1.7932789896626748,2,1.0,True
145,49,2,4.418639729166497,0.6270987059000072,1.1760102313445397,1.8031089372445468,2,2.0,True
146,50,4,2.450985392209264,-1.4270008248464614,2.7091343474316267,1.2821335225851653,2,2.0,True
147,50,4,2.450985392209264,0.5311521375989258,2.0246332326381924,2.555785370237118,2,3.0,False
148,50,4,2.450985392209264,1.0456584321766371,1.9600230540423593,3.0056814862189967,2,4.0,False
149,50,4,2.450985392209264,-0.4451708366858147,1.5432905904285863,1.0981197537427716,2,1.0,True
150,51,3,2.6892899164960338,-0.3803842209523613,2.151141244895124,1.7707570239427628,2,2.0,True
151,51,3,2.6892899164960338,0.3586013683483383,3.026111066661728,3.384712435010066,2,3.0,False
152,51,3,2.6892899164960338,0.4842826706137462,1.1585632254228226,1.6428458960365688,2,1.0,True
153,52,4,3.068776754873547,-0.6602733639593165,2.636056820935554,1.9757834569762376,2,2.0,True
154,52,4,3.068776754873547,0.5108604725775621,3.067466457685504,3.5783269302630663,2,4.0,False
155,52,4,3.068776754873547,0.7998695244431935,2.175797542029278,2.9756670664724716,2,3.0,False
156,52,4,3.068776754873547,-1.5650260524706292,-0.1019079414414179,-1.666933993912047,2,1.0,True
157,53,2,5.03857775696145,-0.7277427710463567,3.6547831447091452,2.9270403736627886,2,2.0,True
158,53,2,5.03857775696145,-0.18350478328305408,1.440186585257655,1.2566818019746009,2,1.0,True
159,54,3,2.6879619585402814,1.2304503167809129,1.8058268561703275,3.03627717295124,1,3.0,False
160,54,3,2.6879619585402814,0.3110773111861582,1.8571471404607807,2.168224451646939,1,1.0,True
161,54,3,2.6879619585402814,0.4838170832307424,2.4939553446552334,2.977772427885976,1,2.0,False
162,55,2,1.3433128292152448,-1.3020585813352665,1.0129121829192766,-0.2891463984159899,1,1.0,True
163,55,2,1.3433128292152448,-0.6269540415240676,3.1180487886765493,2.4910947471524816,1,2.0,False
164,56,2,2.6309911973721207,-0.20413294104058835,2.567192734713028,2.3630597936724396,1,2.0,False
165,56,2,2.6309911973721207,-1.245378467495409,1.5958346471410534,0.35045617964564446,1,1.0,True
166,57,3,2.3310241715588687,-0.5893548417041491,1.8285002557816552,1.2391454140775062,1,1.0,True
167,57,3,2.3310241715588687,-0.7913739963261698,2.594216681964321,1.8028426856381512,1,2.0,False
168,57,3,2.3310241715588687,-1.1479038093180878,3.242471006891367,2.094567197573279,1,3.0,False
169,58,4,1.0763422890444296,-0.42442998919969593,2.0057461541346533,1.5813161649349574,0,2.0,False
170,58,4,1.0763422890444296,2.2212845323165142,1.2816958928086297,3.502980425125144,0,4.0,False
171,58,4,1.0763422890444296,0.1507164931940982,2.7164958943798423,2.8672123875739404,0,3.0,False
172,58,4,1.0763422890444296,-1.081841111611502,2.576644669884516,1.4948035582730137,0,1.0,False
173,59,3,2.7406276704341903,0.7488618227746894,2.492834274851549,3.2416960976262383,1,3.0,False
174,59,3,2.7406276704341903,0.5539924864710984,2.015493883879213,2.5694863703503117,1,2.0,False
175,59,3,2.7406276704341903,0.878111094894797,1.3056733891436227,2.1837844840384197,1,1.0,True
176,60,3,5.02178017628678,0.15838268486360113,4.190365857034326,4.348748541897927,2,3.0,False
177,60,3,5.02178017628678,-0.522234404138548,2.9070075710993013,2.3847731669607533,2,2.0,True
178,60,3,5.02178017628678,-0.5373806143181156,0.5259449184102984,-0.011435695907817123,2,1.0,True
179,61,2,3.877603443279712,-0.33696736836966495,1.2117565093134282,0.8747891409437631,2,1.0,True
180,61,2,3.877603443279712,-0.16775874684495495,2.5284677217113396,2.3607089748663848,2,2.0,True
181,62,3,4.879226289748511,-1.6444108222890195,1.2084771557390477,-0.4359336665499718,3,1.0,True
182,62,3,4.879226289748511,-0.8138774786064001,0.5478646988632327,-0.2660127797431674,3,2.0,True
183,62,3,4.879226289748511,-0.8990119991523591,1.0439950280733754,0.14498302892101633,3,3.0,True
184,63,2,2.5017292497996397,1.178211269207814,1.7367012891418516,2.9149125583496653,1,2.0,False
185,63,2,2.5017292497996397,-2.2656783551145745,2.7632597612464878,0.49758140613191326,1,1.0,True
186,64,3,2.248942450143677,1.4070584324791793,3.658550839106072,5.065609271585251,0,3.0,False
187,64,3,2.248942450143677,1.0389518940408842,2.626006360114992,3.6649582541558763,0,2.0,False
188,64,3,2.248942450143677,0.29354561854779765,3.1488503751916537,3.4423959937394515,0,1.0,False
189,65,2,1.5059627816874042,0.4226965344577954,0.46156831419754085,0.8842648486553363,1,1.0,True
190,65,2,1.5059627816874042,-0.6986840072392655,1.7085944436818374,1.009910436442572,1,2.0,False
191,66,2,3.408515602323642,-0.6219270790170484,3.2363101435244017,2.6143830645073534,2,2.0,True
192,66,2,3.408515602323642,0.4889283116624742,1.5506949566645618,2.039623268327036,2,1.0,True
193,67,3,2.6460718304353392,0.1060440372709642,-0.5242527297692687,-0.4182086924983045,1,1.0,True
194,67,3,2.6460718304353392,0.06087591967085707,2.425499769825823,2.48637568949668,1,2.0,False
195,67,3,2.6460718304353392,1.1222762638367385,1.373878868290248,2.4961551321269866,1,3.0,False
196,68,4,2.026155059375584,2.164618767192245,2.468546585882943,4.633165353075189,1,4.0,False
197,68,4,2.026155059375584,0.022760120545600344,1.6300571861531639,1.6528173066987641,1,1.0,True
198,68,4,2.026155059375584,-0.44856965904628343,2.5695231967649073,2.120953537718624,1,2.0,False
199,68,4,2.026155059375584,1.8763371087220357,2.307416111545514,4.183753220267549,1,3.0,False
200,69,4,1.6722373814496052,-0.808601179741449,1.1926125202608229,0.3840113405193739,2,1.0,True
201,69,4,1.6722373814496052,-0.6094965228071793,1.0131209987772754,0.4036244759700961,2,2.0,True
202,69,4,1.6722373814496052,-0.5102648623400655,2.350662093769213,1.8403972314291477,2,3.0,False
203,69,4,1.6722373814496052,0.3452794958639995,2.146408084415573,2.491687580279572,2,4.0,False
204,70,2,1.4289867526500302,-0.6400745076457854,3.7955387321816287,3.1554642245358435,0,2.0,False
205,70,2,1.4289867526500302,0.18624904034985923,1.9709433460490304,2.1571923863988895,0,1.0,False
206,71,2,3.234647636404909,-0.09837814666701296,0.10291974030199147,0.004541593634978511,1,1.0,True
207,71,2,3.234647636404909,-0.08150327316070533,3.3585219829557493,3.277018709795044,1,2.0,False
208,72,3,3.3243931036532923,0.8839129469344239,2.196329994788128,3.0802429417225516,2,3.0,False
209,72,3,3.3243931036532923,-1.4094516566700586,1.3510266339051054,-0.058425022764953205,2,1.0,True
210,72,3,3.3243931036532923,-0.8442780104366661,1.3327005180292995,0.4884225075926334,2,2.0,True
211,73,2,4.892512164120593,-0.8638467869050328,1.7134573933837598,0.849610606478727,2,2.0,True
212,73,2,4.892512164120593,-0.12158654422945525,0.42588474608418947,0.3042982018547342,2,1.0,True
213,74,3,2.7241782603938205,1.7196519546229365,1.8773011300520515,3.596953084674988,1,3.0,False
214,74,3,2.7241782603938205,-0.623912776295123,2.2013368270003864,1.5774240507052633,1,1.0,True
215,74,3,2.7241782603938205,0.9639074427263215,1.51581571458163,2.4797231573079515,1,2.0,False
216,75,4,3.3036823911652236,-0.3005140159955927,-0.029892534302802698,-0.3304065502983954,3,1.0,True
217,75,4,3.3036823911652236,1.5550488543836125,3.2038008245913967,4.758849678975009,3,4.0,False
218,75,4,3.3036823911652236,-0.9893949732217981,2.548774394293824,1.559379421072026,3,2.0,True
219,75,4,3.3036823911652236,-0.3863635186600951,2.5721775635685793,2.185814044908484,3,3.0,True
220,76,4,2.411050772716483,0.4962629094579847,1.5668094559650554,2.0630723654230403,1,1.0,True
221,76,4,2.411050772716483,1.0159711407258505,1.0932054229988049,2.109176563724655,1,2.0,False
222,76,4,2.411050772716483,-0.648040803491631,3.155366178894389,2.507325375402758,1,3.0,False
223,76,4,2.411050772716483,1.7132733599399304,1.8374609069330274,3.550734266872958,1,4.0,False
224,77,3,2.8378503591117528,0.6578949662244356,2.073456384906287,2.731351351130723,1,2.0,False
225,77,3,2.8378503591117528,0.7245345555299594,2.374681579916588,3.0992161354465475,1,3.0,False
226,77,3,2.8378503591117528,-0.9683529638585833,2.369516028345376,1.4011630644867925,1,1.0,True
227,78,2,4.6138246328702746,-0.5882425565395614,0.6022711519519215,0.014028595412360123,2,1.0,True
228,78,2,4.6138246328702746,-0.7412477455436581,2.7869800385773646,2.0457322930337067,2,2.0,True
229,79,3,1.954473814994646,-0.514873319657516,1.929985206617772,1.415111886960256,1,3.0,False
230,79,3,1.954473814994646,-1.3484402091385077,2.7161472703944947,1.367707061255987,1,2.0,False
231,79,3,1.954473814994646,-1.4403317647391018,0.48710472682919037,-0.9532270379099115,1,1.0,True
232,80,3,3.240071207441864,-0.11004574710205202,1.7346764758907671,1.6246307287887152,3,3.0,True
233,80,3,3.240071207441864,-1.0072069770242547,1.126458093758842,0.11925111673458733,3,2.0,True
234,80,3,3.240071207441864,-0.6459342036490892,0.01669410106881264,-0.6292401025802765,3,1.0,True
235,81,2,3.9312595891136217,1.2263823673712413,2.604502580379269,3.8308849477505102,1,2.0,False
236,81,2,3.9312595891136217,-0.5880837925599245,2.767584285137913,2.1795004925779886,1,1.0,True
237,82,4,3.08355622635305,-1.4278451629119593,0.979382135649411,-0.4484630272625483,3,1.0,True
238,82,4,3.08355622635305,-0.3482818117104218,3.3162424442948772,2.9679606325844556,3,4.0,False
239,82,4,3.08355622635305,-0.7182041855333172,1.28452783320989,0.5663236476765727,3,2.0,True
240,82,4,3.08355622635305,-0.17182309949522737,1.6332291774230752,1.4614060779278477,3,3.0,True
241,83,2,2.013353226442714,-1.265986366458711,1.6233326702878006,0.3573463038290896,1,1.0,True
242,83,2,2.013353226442714,0.37059459831705466,3.5310571107559277,3.9016517090729823,1,2.0,False
243,84,2,0.2472813380462826,1.5584067853194408,1.7855719494345605,3.3439787347540015,1,2.0,False
244,84,2,0.2472813380462826,-1.3655302906581634,0.5433021824481508,-0.8222281082100127,1,1.0,True
245,85,2,3.5525751630988767,-0.3640317568696114,1.0947268767071954,0.730695119837584,2,1.0,True
246,85,2,3.5525751630988767,-0.48426707988302314,2.3437379575584467,1.8594708776754236,2,2.0,True
247,86,3,4.0208802965527655,-0.633689316365865,1.66387230167815,1.030182985312285,3,2.0,True
248,86,3,4.0208802965527655,1.15970532779066,1.2217391435099372,2.381444471300597,3,3.0,True
249,86,3,4.0208802965527655,0.32326887463483406,-0.5833999632696014,-0.26013108863476736,3,1.0,True
250,87,4,3.5677064361825934,-0.5881674208270107,3.3283794962662374,2.740212075439227,3,4.0,False
251,87,4,3.5677064361825934,0.6773423448725605,1.5257694820753893,2.20311182694795,3,3.0,True
252,87,4,3.5677064361825934,-0.7022774059737833,0.830458246783814,0.12818084081003067,3,1.0,True
253,87,4,3.5677064361825934,0.7780627345922506,0.15502727362373747,0.9330900082159881,3,2.0,True
254,88,3,4.800294847965686,-0.05805942022459061,0.9164817039981912,0.8584222837736005,3,2.0,True
255,88,3,4.800294847965686,0.07782636809728566,0.6925214156739281,0.7703477837712138,3,1.0,True
256,88,3,4.800294847965686,0.4529996818283358,3.134612573542607,3.5876122553709426,3,3.0,True
257,89,4,2.262757487232495,0.5181306647877953,4.626562455677609,5.144693120465405,1,4.0,False
258,89,4,2.262757487232495,0.6804973590489618,3.5384709907801604,4.218968349829122,1,3.0,False
259,89,4,2.262757487232495,-0.05680555572493529,1.4588448798621092,1.4020393241371738,1,1.0,True
260,89,4,2.262757487232495,-0.13021099943930445,1.8558708327465543,1.72565983330725,1,2.0,False
261,90,4,4.110015793352444,1.9561793859558811,1.93763709900205,3.893816484957931,2,3.0,False
262,90,4,4.110015793352444,1.4061929528755208,3.044227396773092,4.4504203496486126,2,4.0,False
263,90,4,4.110015793352444,-0.570991847725853,2.3160792202610248,1.7450873725351719,2,1.0,True
264,90,4,4.110015793352444,-0.6319296592537219,2.94626412904034,2.314334469786618,2,2.0,True
265,91,4,2.7796702791489665,0.8626156965384931,0.8238218629564296,1.6864375594949226,2,3.0,False
266,91,4,2.7796702791489665,0.04612732146630516,3.4762976474485465,3.5224249689148515,2,4.0,False
267,91,4,2.7796702791489665,-1.4841208749859036,1.7884670205502697,0.3043461455643661,2,1.0,True
268,91,4,2.7796702791489665,-0.3799264504531866,1.8956472987886448,1.5157208483354583,2,2.0,True
269,92,4,3.465732865996513,-0.3128903232909887,1.939327651863222,1.6264373285722333,2,2.0,True
270,92,4,3.465732865996513,0.3858620262853611,2.560522314753288,2.946384341038649,2,4.0,False
271,92,4,3.465732865996513,1.3206309329924593,0.29625073763761955,1.6168816706300788,2,1.0,True
272,92,4,3.465732865996513,-0.9561789428149993,3.783746670214148,2.8275677273991486,2,3.0,False
273,93,2,2.653865737039007,-0.9649123127283238,2.383522540258733,1.4186102275304093,1,1.0,True
274,93,2,2.653865737039007,-0.09655745625299889,2.2952816822619546,2.198724226008956,1,2.0,False
275,94,3,3.6708613582554763,-0.4773502937454888,1.4687718246639099,0.9914215309184211,2,1.0,True
276,94,3,3.6708613582554763,0.8458358072822597,3.0453515709659866,3.8911873782482465,2,3.0,False
277,94,3,3.6708613582554763,0.7932526239603204,2.0256438484942683,2.818896472454589,2,2.0,True
278,95,4,4.337696153741282,-1.3761324454478097,3.2610899990605393,1.8849575536127297,2,1.0,True
279,95,4,4.337696153741282,1.12726339867485,2.5880708211778525,3.7153342198527026,2,3.0,False
280,95,4,4.337696153741282,0.8899570409264969,3.945111274463346,4.835068315389843,2,4.0,False
281,95,4,4.337696153741282,0.7695288856370054,1.5423727224716286,2.311901608108634,2,2.0,True
282,96,2,2.90750236510457,-0.7115361530879698,2.1506476397833922,1.4391114866954224,2,2.0,True
283,96,2,2.90750236510457,-0.08628345263324576,1.5108306744135946,1.424547221780349,2,1.0,True
284,97,2,4.266856552480268,-0.9161665529365852,3.2782091422850597,2.3620425893484747,2,2.0,True
285,97,2,4.266856552480268,-0.8876605031261426,1.7055061281790684,0.8178456250529258,2,1.0,True
286,98,3,3.5864267988669822,-0.02492572788550073,0.9418286264335176,0.9169028985480169,3,1.0,True
287,98,3,3.5864267988669822,1.3731186055269229,0.05965657451302109,1.432775180039944,3,2.0,True
288,98,3,3.5864267988669822,0.48620416081089124,1.6448520664398303,2.1310562272507214,3,3.0,True
289,99,4,2.4726295758950583,-0.4285343139347863,2.66232747045896,2.233793156524174,1,2.0,False
290,99,4,2.4726295758950583,-2.3457450505323423,2.3038755427191884,-0.041869507813153906,1,1.0,True
291,99,4,2.4726295758950583,2.269026989893142,2.1215854025334924,4.390612392426634,1,4.0,False
292,99,4,2.4726295758950583,1.4008691886038402,2.2760103888400214,3.6768795774438616,1,3.0,False
293,100,3,1.757374768000638,-2.4546653678402803,2.0159738273265266,-0.4386915405137537,1,1.0,True
294,100,3,1.757374768000638,0.28450139762736204,2.9483398452235137,3.232841242850876,1,3.0,False
295,100,3,1.757374768000638,0.6228451544551834,2.5573967826381687,3.180241937093352,1,2.0,False
296,101,2,2.611332072218773,-1.5032912346420608,1.2490311342724547,-0.2542601003696061,2,1.0,True
297,101,2,2.611332072218773,-1.2843389024937417,1.8818081811149505,0.5974692786212088,2,2.0,True
298,102,4,3.1684292576361917,-0.678479889211495,2.0869389309263107,1.4084590417148157,2,1.0,True
299,102,4,3.1684292576361917,1.2233294231715226,0.8380660402008209,2.0613954633723433,2,2.0,True
300,102,4,3.1684292576361917,1.744182223749035,3.3487378297584094,5.092920053507444,2,4.0,False
301,102,4,3.1684292576361917,-0.13091126126031455,3.795122096067537,3.6642108348072226,2,3.0,False
302,103,3,3.1041782428096893,-1.5137619590325273,2.33700337277586,0.8232414137433328,2,1.0,True
303,103,3,3.1041782428096893,0.22136525068479945,2.1547365578493642,2.376101808534164,2,3.0,False
304,103,3,3.1041782428096893,0.0353140676013474,1.1323680781426395,1.167682145743987,2,2.0,True
305,104,2,2.478764963358383,-0.6339750955792147,1.6916386279711533,1.0576635323919386,2,1.0,True
306,104,2,2.478764963358383,-0.9496545512411202,2.5874396060906557,1.6377850548495356,2,2.0,True
307,105,2,1.684019335402266,-0.057344725725278385,1.5288755116693677,1.4715307859440894,1,1.0,True
308,105,2,1.684019335402266,0.24265342261868542,1.4036674496688384,1.6463208722875238,1,2.0,False
309,106,4,4.024672086081235,0.32213889138165236,1.8089479992111224,2.131086890592775,3,2.0,True
310,106,4,4.024672086081235,-0.8974444456832639,2.7965356710864713,1.8990912254032075,3,1.0,True
311,106,4,4.024672086081235,0.1041333760711837,2.4556471936554125,2.559780569726596,3,3.0,True
312,106,4,4.024672086081235,0.36012878944548743,2.3500354579862526,2.71016424743174,3,4.0,False
313,107,3,2.209112678728874,1.574579171194961,3.13057313295782,4.705152304152781,1,3.0,False
314,107,3,2.209112678728874,-0.42805894156770563,2.007865916883301,1.5798069753155954,1,2.0,False
315,107,3,2.209112678728874,-0.5939364526839955,0.5500191161257355,-0.04391733655826002,1,1.0,True
316,108,2,3.7067683636290827,-0.9159474674308369,2.0627281481973765,1.1467806807665397,2,1.0,True
317,108,2,3.7067683636290827,-0.8672978636691558,2.070323771445088,1.203025907775932,2,2.0,True
318,109,3,3.46885141363719,-0.7046002436136746,2.686909516394138,1.9823092727804634,2,2.0,True
319,109,3,3.46885141363719,-0.443364138227527,1.8772209028715636,1.4338567646440366,2,1.0,True
320,109,3,3.46885141363719,0.09952662298935809,3.2261819460753673,3.3257085690647252,2,3.0,False
321,110,2,2.5023192285624964,0.6532188921107912,2.28032169592116,2.9335405880319514,0,1.0,False
322,110,2,2.5023192285624964,0.2563870088658096,2.743249287101837,2.9996362959676466,0,2.0,False
323,111,3,4.172865825410391,0.6376485734770867,0.24165121336712714,0.8792997868442138,3,2.0,True
324,111,3,4.172865825410391,-0.5910691342033886,2.0886276483247967,1.4975585141214083,3,3.0,True
325,111,3,4.172865825410391,-0.8728890829428381,0.8693372486634439,-0.003551834279394206,3,1.0,True
326,112,2,2.1172981103957254,1.4769211975642573,0.5445278124154742,2.0214490099797313,1,2.0,False
327,112,2,2.1172981103957254,-0.5348473452682613,2.4604240565725655,1.9255767113043043,1,1.0,True
328,113,4,3.272939907522332,-0.20716235008731443,1.8931460661873825,1.685983716100068,3,3.0,True
329,113,4,3.272939907522332,-0.8190324236882214,1.5875749083655981,0.7685424846773767,3,1.0,True
330,113,4,3.272939907522332,-0.4633844563163141,1.5976336176831507,1.1342491613668366,3,2.0,True
331,113,4,3.272939907522332,-0.5287495569074767,2.7895071270649936,2.2607575701575167,3,4.0,False
332,114,4,2.8884577749118288,-0.6330663345242854,1.7222552126677269,1.0891888781434416,3,2.0,True
333,114,4,2.8884577749118288,-0.2646342073868689,3.0773268749546103,2.8126926675677413,3,4.0,False
334,114,4,2.8884577749118288,-0.45477492666034125,1.6099479939207835,1.155173067260442,3,3.0,True
335,114,4,2.8884577749118288,-2.1954044693796333,0.7515455931974802,-1.4438588761821531,3,1.0,True
336,115,4,2.6915413786202445,-0.4403773646646221,2.7416503701652832,2.3012730055006614,2,4.0,False
337,115,4,2.6915413786202445,0.9527758123544464,1.15610093808563,2.1088767504400763,2,3.0,False
338,115,4,2.6915413786202445,-0.4657494810831985,1.0297552707874007,0.5640057897042021,2,1.0,True
339,115,4,2.6915413786202445,-0.5903416169384348,1.4757376652041823,0.8853960482657475,2,2.0,True
340,116,3,3.641026392486876,-0.36358399718865986,1.5467487394100055,1.1831647422213456,2,1.0,True
341,116,3,3.641026392486876,-0.04620238181383702,1.814867377754538,1.768664995940701,2,2.0,True
342,116,3,3.641026392486876,-0.14455572916462087,2.770443433045611,2.6258877038809905,2,3.0,False
343,117,3,3.422681184446717,-1.3406334729875744,1.3600757826149819,0.01944230962740745,2,1.0,True
344,117,3,3.422681184446717,0.572618727821428,2.448506357881775,3.021125085703203,2,3.0,False
345,117,3,3.422681184446717,0.996391551987303,-0.41031509826947676,0.5860764537178262,2,2.0,True
346,118,4,3.048530639293199,-0.8050621605970267,1.4069264340528114,0.6018642734557846,2,1.0,True
347,118,4,3.048530639293199,-0.1448779004937227,2.3239244811245743,2.1790465806308514,2,2.0,True
348,118,4,3.048530639293199,0.6194859394171729,2.566497480744308,3.185983420161481,2,4.0,False
349,118,4,3.048530639293199,-0.7909080009181759,3.0725354828437164,2.2816274819255407,2,3.0,False
350,119,4,5.311559006356143,-1.8553814766728944,1.2828280346103484,-0.572553442062546,2,1.0,True
351,119,4,5.311559006356143,1.5656524428347063,2.989808031520004,4.55546047435471,2,4.0,False
352,119,4,5.311559006356143,1.2363125986642194,3.129207444715232,4.365520043379451,2,3.0,False
353,119,4,5.311559006356143,0.03913640093546942,1.734745185976605,1.7738815869120743,2,2.0,True
354,120,3,6.146539021186694,-0.9819400892843654,1.4642682819651691,0.48232819268080374,3,1.0,True
355,120,3,6.146539021186694,-1.216729923271519,2.131393287485073,0.9146633642135542,3,2.0,True
356,120,3,6.146539021186694,-1.8901915516871886,4.07810964792518,2.187918096237991,3,3.0,True
357,121,3,2.75100858290879,-0.2920143544195556,2.6466225878027765,2.354608233383221,2,3.0,False
358,121,3,2.75100858290879,-0.8718610789136639,1.366889115347031,0.4950280364333671,2,1.0,True
359,121,3,2.75100858290879,-1.0248262467153972,1.9418430380802114,0.9170167913648142,2,2.0,True
360,122,2,3.221472999745713,0.4994733320637886,1.5988358168029384,2.098309148866727,1,1.0,True
361,122,2,3.221472999745713,0.16175286869264022,2.956229497224841,3.1179823659174812,1,2.0,False
362,123,4,3.554879408057109,1.732815882546043,1.1650000153613722,2.897815897907415,3,4.0,False
363,123,4,3.554879408057109,-1.4897172392298317,0.8190154287382829,-0.6707018104915488,3,2.0,True
364,123,4,3.554879408057109,-2.054772070598737,0.7872703988574203,-1.2675016717413166,3,1.0,True
365,123,4,3.554879408057109,0.24003833687617956,0.8198269766705035,1.0598653135466831,3,3.0,True
366,124,3,2.997985597994869,0.9227982876143247,2.3248600016693506,3.247658289283675,1,3.0,False
367,124,3,2.997985597994869,1.158872901771133,1.9032026079212183,3.0620755096923515,1,2.0,False
368,124,3,2.997985597994869,-0.9185529733651068,0.7779177756415803,-0.1406351977235265,1,1.0,True
369,125,2,2.669929583301065,1.3504407137740164,1.7135468937626033,3.0639876075366197,0,1.0,False
370,125,2,2.669929583301065,-0.268659967749459,4.083160694506676,3.814500726757217,0,2.0,False
371,126,2,4.482113663486451,1.4231519045265177,2.828391386828203,4.251543291354721,1,2.0,False
372,126,2,4.482113663486451,0.101144222537094,2.676588060731739,2.777732283268833,1,1.0,True
373,127,2,3.7404323904079266,0.9649144647236235,0.3703414651399415,1.335255929863565,1,1.0,True
374,127,2,3.7404323904079266,0.10403784320310712,3.317303855743404,3.4213416989465113,1,2.0,False
375,128,2,4.740257855343144,0.32623878311392457,2.799304653632039,3.1255434367459634,2,1.0,True
376,128,2,4.740257855343144,2.5031340577682095,1.4646006683373627,3.967734726105572,2,2.0,True
377,129,4,1.920097759033438,0.7224784312110082,2.4475183339809132,3.1699967651919216,0,3.0,False
378,129,4,1.920097759033438,-0.1628805065042793,2.739440479665494,2.5765599731612148,0,2.0,False
379,129,4,1.920097759033438,0.8396580512660108,3.340763769006501,4.180421820272512,0,4.0,False
380,129,4,1.920097759033438,0.8652060237124687,1.4432270141925363,2.308433037905005,0,1.0,False
381,130,3,2.5502023747942326,-0.8103329857640935,1.9400528911058894,1.129719905341796,2,2.0,True
382,130,3,2.5502023747942326,0.8373268972141188,2.6750712687815654,3.512398165995684,2,3.0,False
383,130,3,2.5502023747942326,-2.170521417248866,1.150885799316367,-1.019635617932499,2,1.0,True
384,131,4,3.080275007898045,-2.1458012928939865,0.8712715079870257,-1.2745297849069608,3,1.0,True
385,131,4,3.080275007898045,-0.8939480849811865,1.6112449489752811,0.7172968639940946,3,2.0,True
386,131,4,3.080275007898045,0.19050449066312528,1.2775088514842776,1.4680133421474029,3,3.0,True
387,131,4,3.080275007898045,1.6002043893178197,1.1939871216494056,2.7941915109672255,3,4.0,False
388,132,2,2.679192677660032,-0.076882545414343,1.2397862062229745,1.1629036608086316,2,1.0,True
389,132,2,2.679192677660032,-0.1971417266949737,2.010987116421428,1.8138453897264544,2,2.0,True
390,133,2,1.9828741958221072,0.8909298477936213,2.4445267628778757,3.335456610671497,0,2.0,False
391,133,2,1.9828741958221072,0.5621225397874153,2.03091743870142,2.5930399784888354,0,1.0,False
392,134,2,3.3689524609629307,2.1233276325034756,1.2608654135501085,3.384193046053584,1,2.0,False
393,134,2,3.3689524609629307,-2.002281807645424,2.3353820754529826,0.33310026780755875,1,1.0,True
394,135,2,3.491666056002795,0.5144216929098082,2.5396479995471966,3.0540696924570048,1,2.0,False
395,135,2,3.491666056002795,0.5654253682751411,0.8898826908963327,1.4553080591714738,1,1.0,True
396,136,4,0.9496846160233456,0.5937984128956383,1.6418761342983914,2.2356745471940296,1,3.0,False
397,136,4,0.9496846160233456,1.489327794966941,0.8992270745799702,2.388554869546911,1,4.0,False
398,136,4,0.9496846160233456,-0.5449017335138425,0.4498673550488246,-0.09503437846501794,1,1.0,True
399,136,4,0.9496846160233456,-0.16900002147242044,1.735326084463571,1.5663260629911506,1,2.0,False
400,137,3,3.624729836958128,-0.38697373382759953,3.0704103590478997,2.6834366252203004,2,2.0,True
401,137,3,3.624729836958128,1.1096758055461184,1.8375851855739231,2.9472609911200416,2,3.0,False
402,137,3,3.624729836958128,-0.4486632402090392,2.5628367130956717,2.1141734728866326,2,1.0,True
403,138,4,2.121347143698031,-2.4124589476371185,3.222773587706053,0.8103146400689343,1,1.0,True
404,138,4,2.121347143698031,1.1590212310489119,0.43961797097303523,1.598639202021947,1,2.0,False
405,138,4,2.121347143698031,-0.33116956268954234,3.9089283887113084,3.577758826021766,1,4.0,False
406,138,4,2.121347143698031,1.778024722754643,0.9060044762213899,2.6840291989760328,1,3.0,False
407,139,2,4.3561984307155575,0.6449232690346827,2.7353746950656315,3.380297964100314,2,2.0,True
408,139,2,4.3561984307155575,0.03313266034018555,1.2208873967624505,1.254020057102636,2,1.0,True
409,140,3,3.539671647121563,-1.0226040564142893,2.6544899254153735,1.6318858690010842,3,3.0,True
410,140,3,3.539671647121563,0.9649382065252144,0.1558352116958608,1.1207734182210753,3,2.0,True
411,140,3,3.539671647121563,0.28207146321911225,0.781283667223422,1.0633551304425342,3,1.0,True
412,141,4,2.569604763437593,-0.6379846605468513,2.355819610054504,1.7178349495076528,2,3.0,False
413,141,4,2.569604763437593,-1.897215921340688,2.0346038370118684,0.13738791567118036,2,1.0,True
414,141,4,2.569604763437593,-0.008146880457231902,4.349766354414989,4.341619473957757,2,4.0,False
415,141,4,2.569604763437593,-1.0272600827938245,2.214811426051268,1.1875513432574436,2,2.0,True
416,142,2,1.6375297565182836,1.2611286852333634,0.5109076234404044,1.7720363086737678,0,1.0,False
417,142,2,1.6375297565182836,0.9894732735850079,3.0969954670653204,4.086468740650329,0,2.0,False
418,143,2,3.389277937963863,-0.5410393839987316,1.9688192591162579,1.4277798751175261,2,1.0,True
419,143,2,3.389277937963863,0.7105000741297972,1.8194657874754947,2.529965861605292,2,2.0,True
420,144,4,4.781174444940272,0.996420067279627,4.220560993086254,5.216981060365881,3,4.0,False
421,144,4,4.781174444940272,-0.9990996714395747,0.7943996448309332,-0.2047000266086415,3,1.0,True
422,144,4,4.781174444940272,0.7632509387827483,2.23707953309179,3.000330471874538,3,3.0,True
423,144,4,4.781174444940272,0.3973232679891778,1.6972858664585293,2.094609134447707,3,2.0,True
424,145,3,3.077231376426417,0.6965081459291306,1.1139270100207883,1.8104351559499188,2,2.0,True
425,145,3,3.077231376426417,-0.30524592697101116,1.0823656084346602,0.7771196814636491,2,1.0,True
426,145,3,3.077231376426417,0.49294330535293274,3.592939486037542,4.085882791390475,2,3.0,False
427,146,2,2.508328340858289,0.3193162884726196,2.8740999150730833,3.193416203545703,0,2.0,False
428,146,2,2.508328340858289,1.1774563882199374,1.9752769808106188,3.152733369030556,0,1.0,False
429,147,4,3.993260889820391,2.123452470079847,0.9508020320070345,3.0742545020868812,2,3.0,False
430,147,4,3.993260889820391,-1.2388743397496091,1.9729533864772053,0.7340790467275962,2,1.0,True
431,147,4,3.993260889820391,-0.5207279731255804,2.1344574992613743,1.6137295261357938,2,2.0,True
432,147,4,3.993260889820391,0.1115930358196747,3.5815392602826144,3.693132296102289,2,4.0,False
433,148,3,2.3667204364776597,0.190698752435288,1.9210648881362835,2.1117636405715716,1,2.0,False
434,148,3,2.3667204364776597,1.007049023456256,3.7380129783223373,4.745062001778593,1,3.0,False
435,148,3,2.3667204364776597,-0.8300927640005968,-0.28332936900736616,-1.113422133007963,1,1.0,True
436,149,2,3.3303181970508082,-0.65880166250834,0.8063141356652939,0.14751247315695382,2,1.0,True
437,149,2,3.3303181970508082,0.4963457803178879,1.9991451779215297,2.495490958239418,2,2.0,True
438,150,2,2.9317566437473443,0.1608049475662058,2.834851033288439,2.995655980854645,0,1.0,False
439,150,2,2.9317566437473443,0.49087584148687724,2.5085799353908405,2.999455776877718,0,2.0,False
440,151,2,3.391993555111367,1.3390667629577864,3.0605245131341015,4.399591276091888,1,2.0,False
441,151,2,3.391993555111367,-0.5951328854048757,2.217987765518817,1.6228548801139415,1,1.0,True
442,152,3,3.5853550399341265,-0.5980931984544473,2.6028614487172286,2.0047682502627815,3,3.0,True
443,152,3,3.5853550399341265,-1.2552745593059167,1.5794007345350325,0.3241261752291158,3,2.0,True
444,152,3,3.5853550399341265,-0.554008687661457,0.6956231743845751,0.14161448672311805,3,1.0,True
445,153,2,5.486839762930604,0.18532265428357128,2.894035084876969,3.0793577391605402,2,2.0,True
446,153,2,5.486839762930604,-1.849599142640197,3.4439892374580507,1.5943900948178538,2,1.0,True
447,154,4,2.6222322570422274,-1.171603599725529,-0.03854338859977746,-1.2101469883253064,2,1.0,True
448,154,4,2.6222322570422274,1.0697040891414336,3.1024806164143603,4.172184705555794,2,3.0,False
449,154,4,2.6222322570422274,0.7857666541468125,3.939186021294926,4.724952675441738,2,4.0,False
450,154,4,2.6222322570422274,0.7396379956257708,0.6446143298447404,1.3842523254705112,2,2.0,True
451,155,4,3.0511898792987378,0.49721188986325576,3.3314377458721,3.8286496357353554,2,4.0,False
452,155,4,3.0511898792987378,0.2567898995805135,2.0242628846785826,2.281052784259096,2,3.0,False
453,155,4,3.0511898792987378,-0.6154338992768605,1.272457081468227,0.6570231821913665,2,1.0,True
454,155,4,3.0511898792987378,0.21075302923744896,1.80191223060323,2.012665259840679,2,2.0,True
455,156,2,2.971405815920792,0.22363787093186666,3.9696894327669185,4.193327303698785,0,2.0,False
456,156,2,2.971405815920792,0.050464754976466616,3.355863215993929,3.4063279709703953,0,1.0,False
457,157,2,1.279620636184111,-0.11164687930878181,1.8528191345648886,1.7411722552561066,0,1.0,False
458,157,2,1.279620636184111,-0.6195276459665994,2.550239147177504,1.9307115012109044,0,2.0,False
459,158,3,2.6738635998610594,0.2320969868238848,1.3382533802641312,1.570350367088016,2,1.0,True
460,158,3,2.6738635998610594,-0.4908128476117755,2.3174453778912962,1.8266325302795208,2,2.0,True
461,158,3,2.6738635998610594,1.892837526082424,3.0222239044437913,4.915061430526215,2,3.0,False
462,159,2,3.6096275905587367,-1.5145070885748488,2.6486978652448654,1.1341907766700166,2,2.0,True
463,159,2,3.6096275905587367,-0.2740335087003287,0.6797642573635545,0.4057307486632258,2,1.0,True
464,160,3,2.2389220459833634,0.28621395877938716,0.8569808929677054,1.1431948517470927,2,2.0,True
465,160,3,2.2389220459833634,0.5215999502955933,2.0464056644694844,2.5680056147650774,2,3.0,False
466,160,3,2.2389220459833634,-1.5730582048661936,0.912622176551872,-0.6604360283143216,2,1.0,True
467,161,3,4.836252187419849,0.8830190887321216,1.3258135638898085,2.20883265262193,3,3.0,True
468,161,3,4.836252187419849,0.941068013347774,-0.3825327661422273,0.5585352472055467,3,1.0,True
469,161,3,4.836252187419849,-0.20697972941274592,2.2205351166900873,2.0135553872773415,3,2.0,True
470,162,4,2.6473053963486834,-1.0921750212516403,1.7563851238478205,0.6642101025961802,3,2.0,True
471,162,4,2.6473053963486834,0.2561326124575166,2.4349901977664814,2.691122810223998,3,4.0,False
472,162,4,2.6473053963486834,-0.5401439832616728,1.6869969419211004,1.1468529586594276,3,3.0,True
473,162,4,2.6473053963486834,-0.6033421682399815,0.6181484002879043,0.014806232047922752,3,1.0,True
474,163,4,1.5749977246872275,1.1315369808213611,2.0701904368366035,3.2017274176579646,1,4.0,False
475,163,4,1.5749977246872275,0.23225301939893453,1.7813037709410033,2.013556790339938,1,2.0,False
476,163,4,1.5749977246872275,1.6582175987518895,1.0479940052276704,2.70621160397956,1,3.0,False
477,163,4,1.5749977246872275,-0.3865784508866852,0.39686007950044466,0.010281628613759475,1,1.0,True
478,164,2,4.564133026015664,-0.8758107793203485,2.358418121948273,1.4826073426279247,2,2.0,True
479,164,2,4.564133026015664,-1.385868784435439,2.189554011145405,0.8036852267099659,2,1.0,True
480,165,4,4.349879913046121,0.32724455719538653,3.5048531503172917,3.8320977075126783,3,4.0,False
481,165,4,4.349879913046121,-0.9817105091643237,-0.5374643571192737,-1.5191748662835973,3,1.0,True
482,165,4,4.349879913046121,-1.7123635003067688,0.9675825825463003,-0.7447809177604685,3,2.0,True
483,165,4,4.349879913046121,-0.4999557463023232,1.1221338010629198,0.6221780547605966,3,3.0,True
484,166,3,2.6082780396779803,-0.5923697844695447,1.0495663485140536,0.4571965640445089,2,1.0,True
485,166,3,2.6082780396779803,2.075196327627415,2.222006071210589,4.297202398838004,2,3.0,False
486,166,3,2.6082780396779803,-0.22791769350511842,1.6336535500014568,1.4057358564963385,2,2.0,True
487,167,4,2.27049661086609,-1.6415847709696991,4.3029569746305,2.6613722036608007,3,4.0,False
488,167,4,2.27049661086609,-0.054143243733524644,0.9166695905253368,0.8625263467918122,3,2.0,True
489,167,4,2.27049661086609,-0.4626740473901849,0.34402378790427224,-0.11865025948591268,3,1.0,True
490,167,4,2.27049661086609,0.12954648747692835,0.8118077246920592,0.9413542121689875,3,3.0,True
491,168,2,2.1222251610397063,-0.46119187673266177,1.8614758249284868,1.4002839481958251,2,2.0,True
492,168,2,2.1222251610397063,0.5686594640535217,-0.12338288891507965,0.4452765751384421,2,1.0,True
493,169,2,3.218852401007237,-0.016164935252627716,2.7254091419792887,2.709244206726661,1,2.0,False
494,169,2,3.218852401007237,-0.17053547631593752,1.177985414095216,1.0074499377792785,1,1.0,True
495,170,3,2.3423979744201198,-1.191032910628453,1.9951847130679365,0.8041518024394836,1,1.0,True
496,170,3,2.3423979744201198,1.1029729685840788,1.9437709164229398,3.0467438850070185,1,2.0,False
497,170,3,2.3423979744201198,-0.535459277617373,3.792819448270236,3.257360170652863,1,3.0,False
498,171,4,3.198837584036684,0.3743795261776434,2.6386191216943735,3.012998647872017,2,3.0,False
499,171,4,3.198837584036684,0.050156179703456365,3.6254007735727036,3.67555695327616,2,4.0,False
500,171,4,3.198837584036684,0.24617969540552326,1.597880139672804,1.8440598350783273,2,2.0,True
501,171,4,3.198837584036684,0.3297319652706775,0.9288301797896503,1.2585621450603277,2,1.0,True
502,172,2,3.4479618559832894,1.2920695748076947,0.24322454969460994,1.5352941245023046,1,1.0,True
503,172,2,3.4479618559832894,2.331448639665749,0.8137622846017185,3.1452109242674675,1,2.0,False
504,173,3,2.574730955486453,-0.637739105049322,2.120705836373232,1.48296673132391,2,1.0,True
505,173,3,2.574730955486453,0.4596415043261219,2.3401684805121454,2.799809984838267,2,3.0,False
506,173,3,2.574730955486453,0.6220356385286469,1.1610678348889065,1.7831034734175533,2,2.0,True
507,174,2,1.280154361435113,0.18441937852673854,3.564648641799559,3.7490680203262974,0,2.0,False
508,174,2,1.280154361435113,-0.7793175191465038,2.5703591692332246,1.7910416500867208,0,1.0,False
509,175,4,3.28547945921489,-0.6911922209865807,-0.36500668006918513,-1.0561989010557657,2,1.0,True
510,175,4,3.28547945921489,0.6832975366561133,2.2061797273440025,2.889477264000116,2,3.0,False
511,175,4,3.28547945921489,-0.28734706902015955,3.4445675229267545,3.157220453906595,2,4.0,False
512,175,4,3.28547945921489,0.14306529725053466,2.0296751088803933,2.172740406130928,2,2.0,True
513,176,3,2.968739870708189,0.9908449856888607,2.7010438990652115,3.6918888847540723,1,3.0,False
514,176,3,2.968739870708189,0.5697721957477885,1.527493156440566,2.0972653521883546,1,1.0,True
515,176,3,2.968739870708189,-0.1740277695166764,2.69410345475235,2.520075685235674,1,2.0,False
516,177,4,3.9441740288609406,-0.6713970514746576,3.126086358390456,2.4546893069157982,3,3.0,True
517,177,4,3.9441740288609406,-0.5933995621264243,0.7121504434556649,0.11875088132924061,3,2.0,True
518,177,4,3.9441740288609406,0.23923514593729675,-0.4888327475671761,-0.24959760162987935,3,1.0,True
519,177,4,3.9441740288609406,0.150979141992242,2.634875485421224,2.785854627413466,3,4.0,False
520,178,4,0.04857428061284841,0.09836827987259684,1.6986498345022634,1.7970181143748603,0,3.0,False
521,178,4,0.04857428061284841,-0.9144659881032858,1.1253192240008567,0.21085323589757088,0,1.0,False
522,178,4,0.04857428061284841,-1.0895117467414615,1.4814513370361104,0.391939590294649,0,2.0,False
523,178,4,0.04857428061284841,0.6073832523150737,2.2091020737180953,2.816485326033169,0,4.0,False
524,179,4,1.1497208074120753,1.1189337561829973,3.2458986813025135,4.364832437485511,0,3.0,False
525,179,4,1.1497208074120753,1.5546191762273054,1.8818814961187929,3.4365006723460985,0,2.0,False
526,179,4,1.1497208074120753,0.6770242784704307,1.8571537704789127,2.5341780489493435,0,1.0,False
527,179,4,1.1497208074120753,0.48583356840979913,4.061469618082272,4.547303186492071,0,4.0,False
528,180,3,3.4535259247986527,0.736203282328093,2.440725981806952,3.1769292641350453,1,3.0,False
529,180,3,3.4535259247986527,-0.2539131641080575,3.05382592699755,2.7999127628894924,1,1.0,True
530,180,3,3.4535259247986527,1.0828012845250001,1.767175482313502,2.849976766838502,1,2.0,False
531,181,3,2.9771956572022242,0.5995869549261267,1.9472440465998555,2.546831001525982,1,2.0,False
532,181,3,2.9771956572022242,-0.3342003924348182,2.4667022101380023,2.1325018177031843,1,1.0,True
533,181,3,2.9771956572022242,2.453173989155158,2.9283198998803663,5.381493889035524,1,3.0,False
534,182,2,1.4775323587331723,-0.9286003181473862,1.3761333065206878,0.4475329883733016,1,1.0,True
535,182,2,1.4775323587331723,1.0346843018974532,0.371064087705274,1.4057483896027272,1,2.0,False
536,183,3,3.365043427430793,1.195045146095441,2.1962767918729638,3.3913219379684048,1,3.0,False
537,183,3,3.365043427430793,0.7255851968162278,2.368837221888549,3.094422418704777,1,2.0,False
538,183,3,3.365043427430793,-0.8637272427900697,2.6971288190523133,1.8334015762622435,1,1.0,True
539,184,3,1.6842334483669978,0.4068560499078479,2.0324231755606847,2.4392792254685327,1,2.0,False
540,184,3,1.6842334483669978,0.5882018496054191,1.020433470161226,1.6086353197666452,1,1.0,True
541,184,3,1.6842334483669978,-0.973372497994789,3.642670123993527,2.669297625998738,1,3.0,False
542,185,3,2.199105805726154,0.9437796572144097,1.8353378537643694,2.779117510978779,0,1.0,False
543,185,3,2.199105805726154,1.7902853873385773,2.1408326105645306,3.931117997903108,0,3.0,False
544,185,3,2.199105805726154,1.6620400594470097,1.692840580369538,3.354880639816548,0,2.0,False
545,186,2,2.310008443281481,0.9090506678658622,2.0247618090081145,2.933812476873977,0,1.0,False
546,186,2,2.310008443281481,0.38388068568928196,2.602499097192678,2.9863797828819596,0,2.0,False
547,187,2,3.686954530148313,-0.4109505215867052,2.9328056230960424,2.5218551015093373,1,1.0,True
548,187,2,3.686954530148313,1.3588032811555721,2.5673017369025137,3.926105018058086,1,2.0,False
549,188,3,3.4845336915958582,0.4232644963551143,2.2119078531507483,2.6351723495058628,2,3.0,False
550,188,3,3.4845336915958582,0.42521905976653634,0.16699363287567892,0.5922126926422153,2,1.0,True
551,188,3,3.4845336915958582,0.030920288083403275,1.0935477969434615,1.1244680850268647,2,2.0,True
552,189,4,2.5793100195629584,0.28794334796191146,0.5387029555108134,0.8266463034727248,1,1.0,True
553,189,4,2.5793100195629584,-0.5589179470776496,3.0394366282457588,2.480518681168109,1,3.0,False
554,189,4,2.5793100195629584,-0.291439242346262,2.4290039666344394,2.1375647242881772,1,2.0,False
555,189,4,2.5793100195629584,-1.1553557053600358,3.7065975613525644,2.5512418559925285,1,4.0,False
556,190,4,3.427954331699995,0.27702991020307643,2.025365845288863,2.30239575549194,3,4.0,False
557,190,4,3.427954331699995,-0.2899786572734124,2.230365371370245,1.9403867140968327,3,3.0,True
558,190,4,3.427954331699995,-1.8233648568908254,2.443980953762252,0.6206160968714267,3,1.0,True
559,190,4,3.427954331699995,0.9820558164379106,0.07432342419879223,1.0563792406367027,3,2.0,True
560,191,3,3.8074410405766015,0.508731731205641,3.341217823338731,3.849949554544372,2,3.0,False
561,191,3,3.8074410405766015,-0.3359330431222349,0.6012570941860043,0.2653240510637694,2,1.0,True
562,191,3,3.8074410405766015,-1.7766421299533932,3.3518454215106535,1.5752032915572602,2,2.0,True
563,192,2,0.6662178011604825,1.3323789792251122,2.2756873665326687,3.6080663457577806,0,1.0,False
564,192,2,0.6662178011604825,0.3618736638941917,3.3110204209512135,3.6728940848454052,0,2.0,False
565,193,4,1.9996141204133215,-0.6928859369914644,1.6980495914281315,1.005163654436667,2,3.0,False
566,193,4,1.9996141204133215,0.19069987883539133,2.6281702916751266,2.818870170510518,2,4.0,False
567,193,4,1.9996141204133215,-0.2135600557481761,0.06581186815622897,-0.14774818759194713,2,1.0,True
568,193,4,1.9996141204133215,0.0619070577698103,0.12048752917400884,0.18239458694381916,2,2.0,True
569,194,2,2.8038585924138735,1.054635779919163,1.9868687407505858,3.041504520669749,1,2.0,False
570,194,2,2.8038585924138735,-0.8903465595879615,1.7772603515033016,0.8869137919153401,1,1.0,True
571,195,2,4.490617874315278,-0.5664425285309018,0.9596165021174312,0.3931739735865294,2,1.0,True
572,195,2,4.490617874315278,1.123498009916194,1.141968408390294,2.265466418306488,2,2.0,True
573,196,3,3.8552061874099173,-0.5056635035328717,2.7088077952371967,2.203144291704325,2,2.0,True
574,196,3,3.8552061874099173,1.1385287164807298,3.172543572927341,4.31107228940807,2,3.0,False
575,196,3,3.8552061874099173,-0.7143131864146106,1.5978712694822115,0.8835580830676009,2,1.0,True
576,197,3,0.45586787158915243,-1.9114832499752559,2.8803564082975934,0.9688731583223376,0,1.0,False
577,197,3,0.45586787158915243,1.3870478322512216,0.7796589867744268,2.1667068190256487,0,2.0,False
578,197,3,0.45586787158915243,-0.037372198616705724,2.562366815784981,2.524994617168275,0,3.0,False
579,198,3,4.0426670332777705,-0.7276785537077795,1.351402356527785,0.6237238028200056,3,1.0,True
580,198,3,4.0426670332777705,-0.41382293861637126,2.2361415015992527,1.8223185629828815,3,3.0,True
581,198,3,4.0426670332777705,-0.39940667731652624,1.0546338518704879,0.6552271745539616,3,2.0,True
582,199,3,4.607771707172127,-0.4181056482448428,1.5205571068412351,1.1024514585963923,3,2.0,True
583,199,3,4.607771707172127,1.1557107633045824,0.5870553926933331,1.7427661559979155,3,3.0,True
584,199,3,4.607771707172127,-1.1567736258040828,1.9680662626521477,0.8112926368480649,3,1.0,True
585,200,2,2.2671066044232435,-1.102354134327245,1.875824408967272,0.773470274640027,2,1.0,True
586,200,2,2.2671066044232435,-0.8558735787700132,1.7398456781150191,0.8839720993450059,2,2.0,True
587,201,3,3.008642229448259,-2.1369704232070643,1.0903518442421234,-1.046618578964941,1,1.0,True
588,201,3,3.008642229448259,1.3149906133958296,2.9576644331867468,4.272655046582576,1,2.0,False
589,201,3,3.008642229448259,0.5962772340817137,4.667242155681113,5.263519389762827,1,3.0,False
590,202,2,3.3336614087621794,0.43902331486721674,2.5367399784965214,2.9757632933637383,1,2.0,False
591,202,2,3.3336614087621794,-0.7017447928531009,1.2483898391741228,0.546645046321022,1,1.0,True
592,203,2,1.9692150976933878,0.4900796453067854,-0.6632544681858619,-0.17317482287907648,1,1.0,True
593,203,2,1.9692150976933878,-0.25210688831002925,1.771180564390813,1.5190736760807837,1,2.0,False
594,204,3,1.0802720184298673,-0.6095740481884667,0.32763166995876003,-0.2819423782297067,1,1.0,True
595,204,3,1.0802720184298673,-0.4032398055659573,1.5022655462809074,1.09902574071495,1,2.0,False
596,204,3,1.0802720184298673,0.5894044893504266,2.9119522900888644,3.501356779439291,1,3.0,False
597,205,2,1.544056565388356,-0.4273154089396941,0.7119998684327282,0.2846844594930341,1,1.0,True
598,205,2,1.544056565388356,1.5328541939292528,3.472536092372045,5.005390286301298,1,2.0,False
599,206,2,1.2988969447824614,0.2969878216252148,-0.24338736165289188,0.053600459972322934,1,1.0,True
600,206,2,1.2988969447824614,0.4804758579900492,0.8073480427685484,1.2878239007585977,1,2.0,False
601,207,2,2.4265877635540636,-0.002211204658018816,1.0897393934593482,1.0875281888013295,1,1.0,True
602,207,2,2.4265877635540636,0.7331768085798486,1.1107019168254302,1.8438787254052786,1,2.0,False
603,208,3,4.657886638957177,-1.05965153428724,1.1668295259664918,0.1071779916792519,3,1.0,True
604,208,3,4.657886638957177,0.43209230607090326,1.919820533609033,2.3519128396799363,3,2.0,True
605,208,3,4.657886638957177,0.015123761413942281,2.509673074958468,2.5247968363724103,3,3.0,True
606,209,4,3.8819296675240227,0.5818231659212971,2.6204757521743702,3.2022989180956674,3,4.0,False
607,209,4,3.8819296675240227,-0.7236155778297632,0.5369550009022275,-0.18666057692753568,3,1.0,True
608,209,4,3.8819296675240227,-2.3728628259567044,2.876508906867689,0.5036460809109844,3,3.0,True
609,209,4,3.8819296675240227,-1.7685976430185817,1.610828671777928,-0.1577689712406536,3,2.0,True
610,210,4,4.254555320703145,0.20183003352976903,0.999109949367297,1.200939982897066,3,1.0,True
611,210,4,4.254555320703145,1.483051937062949,3.08596312066548,4.5690150577284285,3,4.0,False
612,210,4,4.254555320703145,0.5319587777239799,2.0547232396694817,2.5866820173934615,3,3.0,True
613,210,4,4.254555320703145,-0.052146026446567205,1.8038220079727458,1.7516759815261786,3,2.0,True
614,211,2,3.5964777277369437,-2.226160830378536,2.766567290758154,0.5404064603796184,2,1.0,True
615,211,2,3.5964777277369437,1.3174768660222522,1.4072985371982645,2.7247754032205167,2,2.0,True
616,212,2,2.225072657345429,0.2742925041455567,1.7088763536532519,1.9831688577988085,1,1.0,True
617,212,2,2.225072657345429,0.44712371237279985,1.9429478898333628,2.3900716022061625,1,2.0,False
618,213,2,3.4183207412410903,-0.0020856027249718167,2.221002808091738,2.218917205366766,1,1.0,True
619,213,2,3.4183207412410903,0.05400506624258529,3.455677956689874,3.5096830229324594,1,2.0,False
620,214,2,4.206393732147193,-1.572474965339155,2.982182328389235,1.4097073630500798,2,1.0,True
621,214,2,4.206393732147193,-2.118967347682974,4.301963560205947,2.182996212522973,2,2.0,True
622,215,4,1.8695562376853494,-0.37031421784726815,1.3462415643751457,0.9759273465278776,1,1.0,True
623,215,4,1.8695562376853494,-0.4490313583782344,2.50346594394021,2.0544345855619754,1,3.0,False
624,215,4,1.8695562376853494,0.23224859536152098,1.353723992626143,1.585972587987664,1,2.0,False
625,215,4,1.8695562376853494,1.0810492268632435,3.230503649095194,4.311552875958437,1,4.0,False
626,216,4,2.884019808931583,0.04772712180949829,1.9554942943773945,2.003221416186893,1,1.0,True
627,216,4,2.884019808931583,0.7734543379152097,2.6279554924142827,3.4014098303294924,1,3.0,False
628,216,4,2.884019808931583,-0.10481630371163417,3.7843010457119197,3.6794847420002856,1,4.0,False
629,216,4,2.884019808931583,1.0665000737237669,2.2181740841496684,3.284674157873435,1,2.0,False
630,217,3,3.839662627026559,0.6284519699394525,1.8142732437393814,2.442725213678834,3,3.0,True
631,217,3,3.839662627026559,-3.55870113972304,2.4499234193066455,-1.1087777204163944,3,1.0,True
632,217,3,3.839662627026559,0.8290801452419199,-0.8172088162432285,0.011871328998691366,3,2.0,True
633,218,2,2.5990432987729952,3.2065628723937776,2.502081302067283,5.70864417446106,1,2.0,False
634,218,2,2.5990432987729952,0.9310010021405041,0.9843676411880193,1.9153686433285233,1,1.0,True
635,219,4,2.6275526550638073,-1.031662208676622,4.729017179110534,3.697354970433912,2,4.0,False
636,219,4,2.6275526550638073,1.2632750787110014,2.1259535385919293,3.3892286173029307,2,3.0,False
637,219,4,2.6275526550638073,0.05227164350515174,1.3827838452958305,1.4350554888009823,2,2.0,True
638,219,4,2.6275526550638073,-1.3574527615278897,2.5275092717942216,1.1700565102663318,2,1.0,True
639,220,2,2.62050516211626,-0.9623828377825094,2.6448304779446388,1.6824476401621293,1,1.0,True
640,220,2,2.62050516211626,0.16018775756579837,3.750180075219893,3.910367832785691,1,2.0,False
641,221,4,1.183669431514133,0.31808335849804953,1.5709212856945787,1.8890046441926283,1,3.0,False
642,221,4,1.183669431514133,-0.06968228800427848,1.5272301601112843,1.4575478721070059,1,2.0,False
643,221,4,1.183669431514133,-0.2344649657912356,4.255021551376027,4.020556585584791,1,4.0,False
644,221,4,1.183669431514133,-3.5152452694786276,3.0120247076391857,-0.5032205618394419,1,1.0,True
645,222,2,2.8297353548779944,0.5474802792118187,0.4425133722055752,0.9899936514173939,2,2.0,True
646,222,2,2.8297353548779944,0.624063656924132,-0.016118267240767814,0.6079453896833642,2,1.0,True
647,223,2,3.444331811095957,-0.2827665618129171,1.5667389795841045,1.2839724177711873,1,1.0,True
648,223,2,3.444331811095957,0.7801552583971371,2.992353879818133,3.7725091382152702,1,2.0,False
649,224,4,1.8693838233728044,2.090245571087392,2.0230820298832097,4.113327600970601,2,4.0,False
650,224,4,1.8693838233728044,-0.112168620355635,1.131916906699812,1.0197482863441771,2,2.0,True
651,224,4,1.8693838233728044,1.0579308490842192,-0.4802298587632894,0.5777009903209298,2,1.0,True
652,224,4,1.8693838233728044,0.7368324017207086,1.659286665594005,2.3961190673147135,2,3.0,False
653,225,3,2.1540983517970265,-0.6712301931660561,1.8131610489172492,1.141930855751193,2,2.0,True
654,225,3,2.1540983517970265,0.4836377897535145,2.333713279712902,2.8173510694664166,2,3.0,False
655,225,3,2.1540983517970265,-1.0945131777593775,2.0301273658298324,0.9356141880704549,2,1.0,True
656,226,2,2.4340245749411658,0.95362253219156,2.2042842888528384,3.1579068210443983,1,2.0,False
657,226,2,2.4340245749411658,-0.556382531057485,2.1673180147309226,1.6109354836734375,1,1.0,True
658,227,3,3.4717255864516567,0.020795097526617335,1.711555726962247,1.7323508244888643,2,2.0,True
659,227,3,3.4717255864516567,-0.008543550603549844,4.01070951847645,4.0021659678729,2,3.0,False
660,227,3,3.4717255864516567,-1.3418170727681327,2.023217861920056,0.6814007891519234,2,1.0,True
661,228,2,2.2655008948469186,0.4853528016976448,2.3533575780187155,2.8387103797163604,0,1.0,False
662,228,2,2.2655008948469186,0.32882511027796685,3.4958228748884546,3.8246479851664215,0,2.0,False
663,229,3,2.255639250034732,-0.1552790947752855,2.385367889811527,2.2300887950362416,2,3.0,False
664,229,3,2.255639250034732,-0.16906027613402216,0.17501695535441963,0.0059566792203974706,2,1.0,True
665,229,3,2.255639250034732,-0.16584062893183787,1.3367998546955666,1.1709592257637287,2,2.0,True
666,230,4,4.097540424291397,-0.442804528093397,1.174589646469542,0.731785118376145,4,2.0,True
667,230,4,4.097540424291397,-0.8027146860314898,0.8910495925546369,0.08833490652314713,4,1.0,True
668,230,4,4.097540424291397,-0.38708647431968546,1.7448005420191508,1.3577140676994652,4,4.0,True
669,230,4,4.097540424291397,0.4969640903489131,0.6005254219139915,1.0974895122629045,4,3.0,True
670,231,3,4.524776902001781,-0.5503615334162096,0.8143151521900569,0.26395361877384727,3,1.0,True
671,231,3,4.524776902001781,1.0058160227584836,2.226497612510408,3.2323136352688913,3,3.0,True
672,231,3,4.524776902001781,0.598298395423484,0.34930567290678827,0.9476040683302722,3,2.0,True
673,232,2,4.041373836141311,0.3268218665818371,0.8723530666840045,1.1991749332658417,2,1.0,True
674,232,2,4.041373836141311,-0.37371486476642474,3.5862132825277406,3.212498417761316,2,2.0,True
675,233,2,1.3793064594112086,-0.6026551738925113,2.5126984664847316,1.9100432925922202,0,2.0,False
676,233,2,1.3793064594112086,0.33593696529224193,1.1305610593338768,1.4664980246261188,0,1.0,False
677,234,3,4.015841495323945,0.4209362211922684,2.4432942641205417,2.86423048531281,3,3.0,True
678,234,3,4.015841495323945,0.04415648915426852,0.3427830400722298,0.3869395292264983,3,1.0,True
679,234,3,4.015841495323945,0.5729755386966164,2.0884283566007302,2.6614038952973464,3,2.0,True
680,235,3,2.376454922254351,-1.3411351856223837,2.537531105875393,1.1963959202530092,2,2.0,True
681,235,3,2.376454922254351,-0.3266485336502595,2.101170967721763,1.7745224340715033,2,3.0,False
682,235,3,2.376454922254351,-0.5511800582906491,0.1516261489626909,-0.3995539093279582,2,1.0,True
683,236,4,2.442964350816462,-1.43887725791287,1.1449695751136069,-0.29390768279926305,2,1.0,True
684,236,4,2.442964350816462,0.14887701236291045,2.680366792761646,2.8292438051245563,2,4.0,False
685,236,4,2.442964350816462,0.9110292678206056,1.1625563238847474,2.0735855917053527,2,3.0,False
686,236,4,2.442964350816462,0.3247673497208674,1.2307145119390273,1.5554818616598947,2,2.0,True
687,237,3,1.7590378091052454,-0.19976770422189585,3.4310770548532155,3.2313093506313195,1,3.0,False
688,237,3,1.7590378091052454,-0.35850480136262663,2.9235572167966004,2.565052415433974,1,2.0,False
689,237,3,1.7590378091052454,-0.35226346217693894,1.237652307898291,0.8853888457213521,1,1.0,True
690,238,3,4.610793140320903,0.8255079683382348,2.0798403682352307,2.9053483365734656,3,3.0,True
691,238,3,4.610793140320903,-1.0428303715442628,2.190261795611121,1.1474314240668582,3,1.0,True
692,238,3,4.610793140320903,-0.38211396500013073,1.8604056802378688,1.478291715237738,3,2.0,True
693,239,3,1.8949109101534367,-0.42692258052032034,3.124822862265512,2.6979002817451914,1,2.0,False
694,239,3,1.8949109101534367,-0.9237860434552254,1.1827810319684653,0.2589949885132399,1,1.0,True
695,239,3,1.8949109101534367,0.5185310239768187,2.2567582496431653,2.775289273619984,1,3.0,False
696,240,2,3.507264900182806,-0.3239617829580385,2.409576522138283,2.0856147391802446,1,1.0,True
697,240,2,3.507264900182806,1.5676667182857913,4.136990449314094,5.704657167599885,1,2.0,False
698,241,3,4.133369714455067,-0.7711274159915137,0.738549286722191,-0.032578129269322686,3,1.0,True
699,241,3,4.133369714455067,-0.8941114300737936,3.2993212516219703,2.4052098215481768,3,3.0,True
700,241,3,4.133369714455067,-0.20735386570028522,2.3629561387079994,2.1556022730077142,3,2.0,True
701,242,2,1.4461308917494597,-1.2290304130757392,3.4406271051855044,2.211596692109765,0,1.0,False
702,242,2,1.4461308917494597,-0.14306741830079786,3.072337901451272,2.929270483150474,0,2.0,False
703,243,2,4.865731237395038,-1.685805865376356,1.6445894159585026,-0.041216449417853296,2,1.0,True
704,243,2,4.865731237395038,-0.5502383985804364,2.0537363754968663,1.5034979769164298,2,2.0,True
705,244,3,2.2575520751295013,0.43202560924659755,3.154086423994291,3.5861120332408887,0,2.0,False
706,244,3,2.2575520751295013,0.27892120601435083,3.0208078680079096,3.2997290740222605,0,1.0,False
707,244,3,2.2575520751295013,2.1195478712613314,2.750780854783237,4.870328726044568,0,3.0,False
708,245,3,1.2803720248705064,-0.9892407814133443,1.7875454601987735,0.7983046787854292,1,1.0,True
709,245,3,1.2803720248705064,-0.562199749260752,3.5240245204120275,2.9618247711512753,1,2.0,False
710,245,3,1.2803720248705064,1.3372275738670032,2.962676252945482,4.299903826812486,1,3.0,False
711,246,2,4.470122238939677,0.978851811406995,1.1281683895298484,2.1070202009368435,2,1.0,True
712,246,2,4.470122238939677,0.4499340315977804,2.6553277523077163,3.1052617839054966,2,2.0,True
713,247,2,2.748718330429595,-0.36571600604344995,2.529005525209254,2.163289519165804,1,2.0,False
714,247,2,2.748718330429595,-0.5932133795970801,1.7338743821993396,1.1406610026022594,1,1.0,True
715,248,2,4.209494732278834,0.9163759576239292,3.2259379022839543,4.142313859907883,1,2.0,False
716,248,2,4.209494732278834,0.422361492825639,1.8857432428914613,2.3081047357171003,1,1.0,True
717,249,4,3.4323267159268354,0.1175081515182909,2.2542791493350056,2.3717873008532964,2,2.0,True
718,249,4,3.4323267159268354,-0.21589191989283435,2.1195067893738506,1.9036148694810162,2,1.0,True
719,249,4,3.4323267159268354,0.9787953838311625,2.7697859011406227,3.7485812849717854,2,4.0,False
720,249,4,3.4323267159268354,-0.6441794970257967,3.219912359187628,2.575732862161831,2,3.0,False
